"GEOID.msa","name_msa","revenue_miles","revenue_hours","fares","upt_total","upt_bus","upt_rail","total_expenses","average_speed","avg_fare","farebox_recovery","upt_bus_chg","upt_rail_chg","upt_total_chg","revenue_miles_y06","revenue_hours_y06","fares_y06","upt_total_y06","upt_bus_y06","upt_rail_y06","total_expenses_y06","average_speed_y06","avg_fare_y06","farebox_recovery_y06","upt_bus_chg_y06","upt_rail_chg_y06","upt_total_chg_y06","revenue_miles_y15","revenue_hours_y15","fares_y15","upt_total_y15","upt_bus_y15","upt_rail_y15","total_expenses_y15","average_speed_y15","avg_fare_y15","farebox_recovery_y15","upt_bus_chg_y15","upt_rail_chg_y15","upt_total_chg_y15","revenue_miles_y16","revenue_hours_y16","fares_y16","upt_total_y16","upt_bus_y16","upt_rail_y16","total_expenses_y16","average_speed_y16","avg_fare_y16","farebox_recovery_y16","upt_bus_chg_y16","upt_rail_chg_y16","upt_total_chg_y16"
"12060","Atlanta-Sandy Springs-Roswell, GA",0.12550738503762,0.0824002630279974,0.508321968196823,-0.0291187039021792,-0.144102166391772,0.0924538066399922,0.492078896665601,0.69357399237937,0.402563743965189,0.00338122957669834,NA,NA,NA,60437336,3470353,108024806,148543356,77919009,69209027,347796498,17.4153280660498,0.727227450011295,0.310597739256132,NA,NA,NA,68022668,3756311,162936188,144217966,66690711,75607665,518939815,18.1089020584291,1.12979119397648,0.313978968832831,-0.14322859370663,-0.0273290386973932,-0.0843550243472811,70043741,3934670,156069057,141164320,64255377,75059729,557860129,17.8016812083351,1.10558430770608,0.279763777489823,-0.174515177770399,-0.0343780784455762,-0.103742730989337
"12420","Austin-Round Rock, TX",0.295026054676698,0.296201465858742,3.35020088277795,-0.0160767628366098,-0.0615770881484305,NA,0.535858058461713,-0.0122207360543811,0.534920964945528,0.0791485495312315,NA,NA,NA,17574580,1304082,5532082,35382434,34464085,NA,128077124,13.4765911959524,0.156351086530678,0.0431933652726306,NA,NA,NA,22759539,1690353,24065668,34813599,32341887,1418493,196708283,13.464370459898,0.691272051476206,0.122341914803862,-0.0742305290824502,NA,-0.0291669613351124,24184390,1781600,23649112,31134629,28639273,1348597,218470639,13.5745341266277,0.759575840778446,0.108248468115663,-0.180215903522473,NA,-0.131760939747312
"12580","Baltimore-Columbia-Towson, MD",0.27513555757626,0.260164497101914,0.157564324232592,0.0790692133383952,0.00543279224956127,0.360298196718305,0.521637045116327,0.18074162811731,0.0791872190107428,-0.0645929585754976,NA,NA,NA,48810256,3208324,119501620,109777164,89655002,18813755,442655314,15.2136305435486,1.08858359649371,0.269965402471143,NA,NA,NA,62239693,4043016,138330812,118457158,90142079,25592317,673560724,15.3943721716659,1.16777081550445,0.205372443895645,0.0740594448761117,0.193997177961601,0.105938965642359,65506604,4251831,155955541,112993753,86483149,23581078,666141155,15.4066810275385,1.38021383359131,0.234117858999419,0.0304626211924628,0.100163794676832,0.0549315586050801
"13820","Birmingham-Hoover, AL",0.19735418766594,-0.0149708279341441,0.0747170808104113,-0.090483257166733,-0.110608148724773,NA,0.375393169828856,2.76754619281832,0.121129761033378,-0.0263147333171889,NA,NA,NA,3903905,304058,2453174,3678559,3541683,NA,20379870,12.8393431516355,0.666884505590368,0.120372406693468,NA,NA,NA,4674357,299506,2636468,3345711,3149944,NA,28030334,15.6068893444539,0.788014266623746,0.0940576733762787,0.287549704389682,NA,0.257576651708005,4889419,306291,2605458,3177134,2981571,NA,35381791,15.9633126667124,0.820065505578298,0.0736383864796443,0.218726701067336,NA,0.194212392447423
"14460","Boston-Cambridge-Newton, MA-NH",0.135439254947413,0.0898583510696477,0.824881024219406,0.0777527064152578,0.150477482673021,0.0260518468532012,0.608449953626913,0.58911177537672,0.622211168143412,0.0478169374817852,NA,NA,NA,95427895,6774707,347379944,387028560,152883977,230983816,977541128,14.0859073314905,0.897556356047729,0.355360950091913,NA,NA,NA,108352578,7383471,633927068,417121078,175889573,237001371,1572325982,14.6750191068672,1.51976752419114,0.403177887573698,0.123879595264346,0.158867882989757,0.143093096637965,111561287,7632875,650546241,414317911,169576128,240269755,1588422385,14.6158933560421,1.57016200296492,0.409554944039648,0.0835386478716107,0.174849331666177,0.135411200384275
"15380","Buffalo-Cheektowaga-Niagara Falls, NY",0.0333309216356298,0.118077953883832,0.526712117713645,0.107049409109705,0.203493194006993,-0.217316327240857,0.268478177938515,-0.927042710063342,0.390849122155152,0.0496051164396385,NA,NA,NA,10587286,865640,24495512,23758048,18042628,5631864,100528770,12.2305877732083,1.03104059727466,0.243666683676723,NA,NA,NA,10940170,967853,37397595,26301333,21714180,4407968,127518551,11.3035450631449,1.42188971942981,0.293271800116361,0.0620174613708657,-0.290821346818551,-0.0185932086211359,11050449,970933,37505573,28079525,22680510,5212083,134504599,11.3812683264448,1.33569114862164,0.278842309325051,0.109279634450692,-0.161450808578936,0.0477581700399976
"16740","Charlotte-Concord-Gastonia, NC-SC",0.615947052898149,0.561697172066947,1.44144272763002,0.367078153116705,0.0547825545800279,33.7844623536323,0.725058895228589,0.539715905769279,0.468148962768383,0.0670387708905733,NA,NA,NA,15075726,970320,12614966,21176801,20407190,175329,78145125,15.5368600049468,0.595697433243104,0.161429980437039,NA,NA,NA,24361575,1515346,30798717,28950342,21525148,6098725,134804943,16.0765759107161,1.06384639601149,0.228468751327613,0.057173463218008,0.876519221420176,0.200431403826781,24214593,1588498,32788109,27929812,20325088,6297680,140803657,15.2437038006973,1.17394664167449,0.232864044149081,-0.00176557804988027,0.937735767779891,0.158114934454939
"16980","Chicago-Naperville-Elgin, IL-IN-WI",0.0469329477156043,0.0250434970374819,0.346114435174311,0.0324325335869164,-0.0687100069606779,0.238520434807414,0.205676469902033,0.319052189780095,0.369207082419903,0.0419456893811698,NA,NA,NA,235528590,15764292,744361098,612549832,411390964,195222246,2067045682,14.9406386281097,1.21518455987431,0.360108682881059,NA,NA,NA,246582641,16159085,1001995219,632416375,383124288,241786741,2492188341,15.2596908178897,1.58439164229421,0.402054372262229,-0.0714355119362524,0.146438640571635,0.00449748609411371,246371134,16242134,995777872,611655804,365669177,238758131,2556736454,15.1686431105666,1.62800363454084,0.38947223928462,-0.113740833518503,0.132078400978424,-0.0284775319537323
"17140","Cincinnati, OH-KY-IN",-0.0242893266809768,0.00771547607468976,0.21844059539478,-0.299754812215664,-0.307414995562546,NA,0.202226405725192,-0.453315227149291,0.719772521968388,0.00382407436051174,NA,NA,NA,17903831,1254362,28730786,29538992,29077482,NA,101328162,14.2732568429209,0.97263935072666,0.283541963388224,NA,NA,NA,17468959,1264040,35006756,20684537,20138628,72306,121819392,13.8199416157717,1.69241187269505,0.287366037748735,-0.105936952007786,NA,-0.0988504149693946,17679175,1273244,34562227,20027078,19147761,404826,125326756,13.8851429890893,1.72577482346651,0.27577692188889,-0.149926918463043,NA,-0.127493497723659
"17460","Cleveland-Elyria, OH",-0.149800645162038,-0.108218988389051,0.146210345381057,-0.326070861200845,-0.363909932577889,-0.160511251194801,0.0919019515964861,-0.634712749687857,0.422422560729288,0.00907662677627691,NA,NA,NA,31063204,2281984,42833125,71058999,59250147,10952659,234713786,13.6123671331613,0.602782555380494,0.182490878486362,NA,NA,NA,26409916,2035030,49095771,47888730,37688430,9194634,256284441,12.9776543834735,1.02520511610978,0.191567505262639,0.0329822015974095,0.539324140325653,0.107341103147709,26524554,2032564,48705508,45153137,35155808,9044904,279071140,13.0498001538943,1.07867384717921,0.174527211950329,-0.0364330924165368,0.514257019271029,0.0440854150059867
"18140","Columbus, OH",0.682420464134661,0.669110131829854,0.54297300012868,0.279363314784912,0.279324211054003,NA,0.695759148748449,0.112101625334159,0.191637499498093,-0.0183868804424889,NA,NA,NA,10549266,750437,14182475,15248917,14841320,NA,69496637,14.0574971649852,0.930064410475839,0.204074263334498,NA,NA,NA,17748301,1252562,21883176,19508905,18986860,NA,117849558,14.1695987903194,1.12170190997393,0.185687382892009,0.114587377731734,NA,0.121217546229112,18428361,1307477,21016998,19123003,18615894,NA,130792502,14.0945966927143,1.09904276017736,0.16068962424161,0.0928105267322725,NA,0.0990389517090763
"19100","Dallas-Fort Worth-Arlington, TX",0.176424779433241,0.193207330274479,0.678638535309886,-0.0590566634970564,-0.274451073933247,0.676435087201133,0.399478989701317,-0.221245618180337,0.45717579625351,0.0255978923633252,NA,NA,NA,55610941,3535311,51028514,87507077,66683707,18581066,397644347,15.7301411389267,0.583135853115057,0.128327019823068,NA,NA,NA,65422089,4218359,85658430,82339201,48382292,31149951,556494909,15.5088955207463,1.04031164936857,0.153924912186393,-0.0124091303288342,0.750077278814885,0.176290247134922,66079249,4292722,83465840,78663691,44937186,30998718,583880960,15.3933213005641,1.0610465761135,0.142950097225297,-0.0827314546752986,0.741580654306326,0.123782249562212
"19740","Denver-Aurora-Lakewood, CO",0.117926166169356,0.154525331700324,0.80102282630942,0.18375315827598,0.0199912251570212,1.26271556071611,0.474848469005344,-0.476092442328969,0.408520968847442,0.046860480868802,NA,NA,NA,54027916,3597449,67822659,86571361,74022977,11277855,320088805,15.0183966471797,0.783430665945058,0.211887007419707,NA,NA,NA,60399221,4153346,122150157,102479122,75502787,25518578,472082484,14.5423042048507,1.1919516347925,0.258747488288509,-0.00873583955924902,0.270356734256531,0.0504447833294543,63222267,4320436,137113350,103567798,77569757,24585082,522072367,14.6333071477045,1.32389944217989,0.262632843005843,0.0184010829719182,0.223885769847717,0.0616040712177324
"19820","Detroit-Warren-Dearborn, MI",0.0754684122147916,0.143556736388087,0.122835771016295,-0.246907097289813,-0.299127547274266,0.066879586673478,-0.223750326353443,-0.858727801768966,0.358471301985966,0.0566038412705243,NA,NA,NA,34377893,2383629,38148863,52249057,48496152,2307909,300916084,14.4225015721826,0.730134957268224,0.126775752538372,NA,NA,NA,36972338,2725815,42834908,39348394,33989617,2462261,233586012,13.5637737704136,1.08860625925419,0.183379593808896,-0.302594975057076,0.139176197349915,-0.249129541508563,38409103,2863126,43341195,41999970,36896824,2304648,247310049,13.415093502696,1.03193395138139,0.175250440389505,-0.24294438322048,0.0662558294470353,-0.198530523748273
"24340","Grand Rapids-Wyoming, MI",0.38800494378632,0.381847511842266,1.47865444113339,0.646744526644276,0.664822727039093,NA,0.610969338933156,0.0616212354673547,0.279907156490984,0.0732814746257554,NA,NA,NA,7012439,507082,4247722,7666412,7140147,NA,31220277,13.8290039875208,0.554069100382291,0.136056512246832,NA,NA,NA,9733300,700710,10528635,12624622,11887079,NA,50294909,13.8906252229881,0.833976256873275,0.209337986872588,0.244806212282083,NA,0.233284417285216,9701950,704187,10986178,12110483,11381159,NA,48654961,13.7775193237024,0.90716266229844,0.225797694093311,0.191826640183862,NA,0.183058785419279
"25540","Hartford-West Hartford-East Hartford, CT",-0.0646377557937567,0.0379104604628789,0.0816302363215797,0.119254305577105,0.144874481190836,NA,0.849163652193641,-1.53837159915273,-0.0372759108617384,-0.123154868741082,NA,NA,NA,21589317,1386583,30602876,27597578,26129550,NA,103141300,15.5701584398482,1.10889716481642,0.296708263324197,NA,NA,NA,20193832,1439149,33100996,30888708,29915055,403766,190725143,14.0317868406954,1.07162125395468,0.173553394583115,0.0979162201362933,NA,0.0807053729082806,22969582,1684903,32846062,31175143,30175417,437724,215417142,13.6325841903065,1.05359779745036,0.152476547107843,0.107471798854338,NA,0.0907268941544584
"26420","Houston-The Woodlands-Sugar Land, TX",0.257407381786135,0.260613913271322,0.426326735079068,-0.145349186315104,-0.335818418016452,1.17690770397254,0.595951808613897,-0.0412833101724885,0.36699351126285,-0.0187416391922689,NA,NA,NA,61942163,3816500,56805783,103536947,89003808,11370121,322147862,16.2300964234246,0.548652289312722,0.176334502570748,NA,NA,NA,77886533,4811133,81023607,88487936,59114690,24751704,514132463,16.1888131132521,0.915645800575572,0.157592863378479,-0.121854847185379,1.33148296976006,0.0770447860006083,80127121,5189378,76088771,92405285,59997427,27948813,529341132,15.4406021299662,0.82342445023572,0.143742411840386,-0.108741842317044,1.63263416266244,0.124725413508913
"26900","Indianapolis-Carmel-Anderson, IN",0.180037409041036,0.138515808324071,0.37548616199432,0.0095213966828001,0.00254620663312654,NA,0.473555315785178,0.52570596717022,0.301649169224053,-0.0125531622751263,NA,NA,NA,9337315,647760,8506681,10223080,9854267,NA,45099631,14.4147755341485,0.832105490713171,0.188619747243608,NA,NA,NA,11018381,737485,11700822,10320418,9879358,27909,66456801,14.9404815013187,1.13375465993722,0.176066584968482,0.138511060351115,NA,0.152623122135242,11252316,765447,11730655,9868087,9393474,42838,71516842,14.7003202050567,1.18874661319869,0.16402646805909,0.0825171072979268,NA,0.10210509375126
"27260","Jacksonville, FL",-0.17570014123642,-0.0611917466158497,-0.43187679756444,0.168515822891659,0.137100458405803,1.06979198781877,0.129472463494932,-2.09262076521845,-0.929817569411307,-0.128395363531564,NA,NA,NA,16318029,951125,21117115,11669106,10489396,635732,81741528,17.1565556577737,1.80966005450632,0.258340105900638,NA,NA,NA,13450949,892924,11997123,13635535,11927497,1315833,92324805,15.0639348925552,0.879842485095011,0.129944742369074,0.0899341415524851,1.7973294443535,0.156249915203187,13600506,903886,12955529,13630732,11802421,1186358,94415955,15.0467050048347,0.95046465589669,0.137217581498805,0.0785047022754248,1.52207853499976,0.155842636109061
"28140","Kansas City, MO-KS",0.0869963064920904,0.0868103131952605,0.280817269391162,0.0850517593223086,0.0792790915506019,NA,0.377656471402691,0.00260105251017961,0.119888814608913,-0.00931903266699004,NA,NA,NA,13088912,861188,10102128,15202672,14579216,NA,76199531,15.1986697445854,0.664496872655017,0.132574674245698,NA,NA,NA,14227599,935948,12938980,16495686,15735043,148205,104976777,15.2012707970956,0.784385687263931,0.123255641578708,0.0419273464424453,NA,0.0490276499978791,14469023,936892,12394210,15280044,14511190,137304,109228215,15.4436402488227,0.811137062170763,0.113470773096493,-0.039112527978338,NA,-0.0282799606403642
"29820","Las Vegas-Henderson-Paradise, NV",0.151239763363617,0.146148848159149,0.250644378396493,0.0626592615932912,0.096025906528071,-0.274219320903476,0.103701203778051,0.0538194024004763,0.200762331859113,0.0539751831060974,NA,NA,NA,23665000,1953091,76828693,67697191,59876800,7002333,189507858,12.1166909273557,1.13488745788581,0.405411647890611,NA,NA,NA,27244089,2238533,96085373,71939047,65626524,5082158,209160051,12.1705103297561,1.33564978974492,0.459386830996709,0.163956382898119,NA,0.252985319743134,28792518,2261530,94183378,72286595,66073485,4940323,214360455,12.7314331448179,1.30291623225579,0.439369183089297,0.171883712842586,NA,0.259038674076644
"31080","Los Angeles-Long Beach-Anaheim, CA",0.185557999819133,0.119006174179451,0.340687642661515,-0.0607871829873884,-0.130577116483823,0.373179883152901,0.384455106771036,0.821165744732301,0.279487695023257,-0.0079387028379172,NA,NA,NA,234835103,17008252,462413602,707232510,618567343,82297807,1841422992,13.8071274461361,0.653835330618498,0.251117534650615,NA,NA,NA,278410635,19032339,619952202,664241838,537796603,113009693,2549367465,14.6282931908684,0.933323025641754,0.243178831812698,-0.0617326209295242,0.198215581675499,-0.0208964072469125,272830420,18527896,596157568,615386448,492366326,110727531,2699721206,14.7253859801458,0.96875316305308,0.220821900674436,-0.140992598946224,0.174018346945309,-0.0929100702501051
"31140","Louisville/Jefferson County, KY-IN",0.141586117585591,0.0988254979335801,0.843447341865384,-0.00769266915791906,-0.0354811654102639,NA,0.325102801492073,0.549311680538478,0.410503512412735,0.048054489676836,NA,NA,NA,11793741,835503,7190456,15024304,14669924,NA,58531738,14.1157374659337,0.478588292675654,0.122847129535091,NA,NA,NA,13463571,918072,13255227,14908727,14149418,NA,77560570,14.6650491464722,0.889091805088389,0.170901619211927,-0.103809763225668,NA,-0.0803128190418028,13437019,928347,13193235,14289714,13535571,NA,80680686,14.4741341330343,0.923267953438396,0.163524080595943,-0.142689361543649,NA,-0.118498394573938
"32820","Memphis, TN-MS-AR",-0.201290511997885,-0.253821594177732,-0.0874547857941788,-0.309324064358316,-0.25236018045433,-1,0.12592522240355,1.05045109874592,0.249255388916421,-0.0375204572257683,NA,NA,NA,8678571,581629,9096975,11723986,10519005,959269,45948682,14.9211456100023,0.775928511002998,0.197981195630377,NA,NA,NA,6931657,433999,8301401,8097475,7864427,0,51734780,15.9715967087482,1.02518389991942,0.160460738404609,-0.222424229780544,-1,-0.296168388853846,6993234,440559,7848404,7762476,7556637,0,50555218,15.8735470164042,1.01106966385468,0.155244192597488,-0.252856204839355,-1,-0.325286464044242
"33100","Miami-Fort Lauderdale-West Palm Beach, FL",-0.0542045603209805,-0.0534623599853501,0.399753710440992,0.00627764916115924,-0.043647184351874,0.265661988740152,0.26075067708518,-0.0113388304586586,0.314628172575558,0.0222070138020452,NA,NA,NA,105064315,7265579,130889024,162669492,133542841,25456649,649842535,14.460556412641,0.80463166381561,0.201416523158183,NA,NA,NA,99369350,6877144,183212397,163690674,127714072,32219513,819289416,14.4492175821824,1.11925983639117,0.223623536960228,0.0353276061299979,0.269245661562544,0.0729246421643254,99520508,6971540,174377145,148857968,112857380,32168402,840834011,14.275254534866,1.17143306027125,0.207385931966066,-0.0851097358362867,0.267232210427881,-0.0242976087342117
"33340","Milwaukee-Waukesha-West Allis, WI",-0.0856259500720942,-0.0674168770221635,-0.188801848511833,-0.18320706262838,-0.185808849010196,NA,-0.00454198238721544,-0.266126042931221,-0.00672552380436819,-0.0581161112719506,NA,NA,NA,25642133,1881339,49766303,50685153,49437484,NA,158506339,13.6297248927493,0.981871417059745,0.31397042739092,NA,NA,NA,23446501,1754505,40370333,41399275,40251562,359290,157786406,13.363598849818,0.975145893255377,0.255854316118969,-0.076701963344036,NA,-0.078575207496701,23655713,1774286,37058968,42301373,41145707,359019,162656717,13.3325253087721,0.876070098244802,0.227835460370198,-0.0561918941202442,NA,-0.0584971877133197
"33460","Minneapolis-St. Paul-Bloomington, MN-WI",0.374126636057778,0.303719981359964,0.345041595824853,0.158827068493418,-0.0169346602757108,1.56794853532832,0.627300867154016,0.759687017958367,0.163502235691577,-0.0490516991739495,NA,NA,NA,45219980,3214586,86652567,85163336,74295615,8957912,306413388,14.0671240402341,1.01748676214375,0.282796282386982,NA,NA,NA,62137979,4190920,116551307,98689579,73037444,23003457,498626772,14.8268110581925,1.18098899783532,0.233744583213033,-0.0771793865085121,1.20005403668374,0.0762010636126635,64206220,4311298,113582751,96023499,70321645,22963629,506371272,14.892549761116,1.18286411329377,0.224307256909314,-0.111493228314087,1.19624488086107,0.0471276988182261
"34980","Nashville-Davidson--Murfreesboro--Franklin, TN",1.6285401138547,1.19784269706225,0.920786043656066,0.451501138240076,0.287491243818785,NA,1.47589327096698,2.85671014042088,0.347217036661761,-0.0549616396572712,NA,NA,NA,6051924,415148,8495864,7910897,7708840,NA,34657149,14.5777505853334,1.07394445914288,0.24514030279871,NA,NA,NA,15907725,912430,16318737,11482676,9925064,583803,85807402,17.4344607257543,1.42116149580464,0.190178663141439,0.0964671669028797,NA,0.195746508749669,15265932,928810,15293852,11215569,9721953,541317,90832070,16.4360116708476,1.36362693680544,0.168375024371899,0.0740285667349805,NA,0.167931366816499
"35380","New Orleans-Metairie, LA",0.918700975914886,1.14716378708509,5.89600553056788,1.44465332845245,0.547595401428445,11.0179237793758,0.432149431101612,-1.31376843230012,0.675882355115905,0.155450908605516,NA,NA,NA,5058228,409666,3455703,9309792,8610065,605899,84811367,12.3471999140763,0.371190140445673,0.0407457528658865,NA,NA,NA,9705227,879620,23830547,22759214,13324897,7281648,121462551,11.0334314817762,1.04707249556158,0.196196661471403,0.210422907319314,0.0732433339479503,0.262741465340017,10372838,951681,23843691,22911584,12477683,8074975,140782447,10.8994904805287,1.04068278299746,0.169365510460264,0.133462670178147,0.190171935054585,0.271195356457428
"35620","New York-Newark-Jersey City, NY-NJ-PA",0.0758631111715671,0.0748356652179846,0.461987673288289,0.198617859427379,-0.0933548751814885,0.4266024334935,0.620920733312457,0.0150487999242266,0.312740280182568,-0.0535616728567739,NA,NA,NA,869422358,55226288,5063702913,3557702666,1557883664,1970754473,9269718652,15.742907761608,1.42330694506667,0.54626284821573,NA,NA,NA,935379443,59359184,7403071240,4264325954,1412447629,2811483127,15025479155,15.7579565615322,1.73604722524924,0.492701175358956,-0.0529645711382873,0.101989150172635,0.0450480667990286,931083009,59774271,7546537883,4290756064,1422410651,2826615946,15872551838,15.5766518507603,1.75878977281334,0.475445785909047,-0.046284440407204,0.107920611112015,0.0515252300503221
"36420","Oklahoma City, OK",0.0230985644089026,0.0858884596813134,0.728653945143456,0.162425880173345,0.141905998974715,NA,0.567592546399287,-0.905586575277017,0.322338028184109,0.0136960176137298,NA,NA,NA,4151600,265088,2562429,3872277,3782363,NA,19222763,15.661214389184,0.661737009000131,0.133301804740557,NA,NA,NA,4247496,287856,4429553,4501235,4319103,73542,30133460,14.755627813907,0.984075037184239,0.146997822354287,0.0741939695855411,NA,0.0946577846995211,4495176,302744,5228551,4819533,4641001,62706,31010024,14.8481092936607,1.08486672878887,0.168608415136989,0.154252465625494,NA,0.172064848217486
"36740","Orlando-Kissimmee-Sanford, FL",0.330838817687378,0.259063583948807,0.608745616664996,0.215103206676281,0.208701182453245,NA,0.755288762337826,0.857511188570882,0.245579401888929,-0.0184685422765005,NA,NA,NA,20798560,1382676,19198852,25326317,24624906,NA,86787980,15.0422514023531,0.758059373575716,0.22121556464386,NA,NA,NA,27679531,1740877,30886069,30774089,29764153,11883,152337966,15.899762590924,1.00363877546464,0.202747022367359,0.189923656419426,NA,0.175917767460813,28902973,1797943,30365845,28708180,27646825,10273,152842437,16.0755780355662,1.05774190492048,0.198674174502988,0.105276239252903,NA,0.0969767109422206
"37980","Philadelphia-Camden-Wilmington, PA-NJ-DE-MD",0.122254789337143,0.122956464559221,0.438230837886625,0.068742308078245,0.0234013474821182,0.146944538279145,0.416083225758132,-0.0081430664327673,0.366842212937333,0.00609327483920091,NA,NA,NA,87558672,6718687,352734775,332427491,211256681,119438757,905389890,13.0321105894649,1.06108785990867,0.389594338191693,NA,NA,NA,98263139,7544793,507314031,355279324,216200372,136989630,1282107436,13.0239675230321,1.42793007284601,0.395687613030894,-0.0191923226898524,0.0163642958026504,-0.00517258318633574,99048686,7736748,501901844,366132323,225783766,138303971,1300376357,12.8023668342306,1.37082090946666,0.385966602128864,0.0242833953347587,0.0261157584856984,0.0252171981223319
"38060","Phoenix-Mesa-Scottsdale, AZ",0.125564070100092,0.115328878200243,0.558186957811474,0.132051395926007,-0.0929634761274436,NA,0.50710075634621,0.13696342114911,0.257836228788048,0.00754515115165333,NA,NA,NA,40443998,2709833,44063663,64330702,62270122,NA,197958419,14.9249042284156,0.684955419886449,0.222590497653954,NA,NA,NA,45522311,3022355,68659425,72825661,56481275,14276884,298343283,15.0618676495647,0.942791648674497,0.230135648805608,0.039868195262955,0.178667440287836,0.0646291961231505,46698565,3048462,63375155,68635612,50948536,15574737,306864495,15.3187295757664,0.923356740812627,0.20652488649754,-0.0619942240749755,0.285815265638234,0.00337539578227052
"38300","Pittsburgh, PA",-0.104452711675132,-0.126935010981329,0.340676510963864,-0.0578547783044868,-0.0740229244077079,0.0349130903809471,0.176369721582979,0.360650321373939,0.491618895834203,0.033566723014103,NA,NA,NA,45881547,3276015,83984123,72262536,61414542,8543128,349461968,14.0052921003109,1.16220835371734,0.240324071545319,NA,NA,NA,41089095,2860174,112595541,68081803,56868458,8841395,411096478,14.3659424216848,1.65382724955154,0.273890794559422,-0.0235810623022138,0.0879996209830199,-0.00536263060825738,41819504,2890682,111571961,66602235,55637494,8624139,430193346,14.4670025966191,1.67519845242431,0.259353060751432,-0.0447164439090831,0.0612646492216308,-0.0269782982097191
"38900","Portland-Vancouver-Hillsboro, OR-WA",0.0176568551988427,0.0830374351402098,0.758116371675657,0.0636735560242133,-0.0571515195686504,0.260202460083414,0.388186531898436,-0.82847951995382,0.457208833851756,0.0606667146014604,NA,NA,NA,41406071,3017085,75302860,107528846,71649346,34591510,330774889,13.7238662483821,0.700303804990151,0.227655914956712,NA,NA,NA,42137172,3267616,132391191,114375590,67554477,43592306,459177246,12.8953867284283,1.15751263884191,0.288322629558173,0.00197987297487406,0.0268455860460033,0.028179136639084,44027382,3480023,134989923,114377478,65098419,45762426,498367341,12.6514629357335,1.18021419391674,0.270864304087695,-0.0344488108392116,0.0779641972796038,0.0281961088112929
"39300","Providence-Warwick, RI-MA",0.00308854536750327,0.000281806143212429,-0.16285562422956,-0.0231244932412308,-0.0156706722590804,NA,0.228266238718435,0.0377246343442526,-0.176875418913228,-0.084491247717784,NA,NA,NA,16650233,1238440,28232258,22831376,21873918,NA,106402901,13.4445213332903,1.23655525624036,0.265333536347848,NA,NA,NA,16701658,1238789,23634476,22303412,21531139,57123,130691091,13.4822459676345,1.05967983732713,0.180842288630064,-0.0255087317583346,NA,-0.0313114757088781,16730559,1219502,22797966,22101385,21379144,20551,131524240,13.7191730722869,1.031517527069,0.173336610802693,-0.0323879683986439,NA,-0.0400859733730455
"39580","Raleigh, NC",1.8034377182209,1.73914139677737,1.17451770962116,0.638479611808258,0.587200391447965,NA,1.51694828151516,0.302919195838403,0.240023818440867,-0.0322227702335058,NA,NA,NA,3378171,261774,4316072,5882866,5730519,NA,18223175,12.9049141625983,0.733668249455283,0.236845225927974,NA,NA,NA,9470492,717036,9385375,9638956,9095482,NA,45866789,13.2078333584367,0.97369206789615,0.204622455694468,0.190614086070488,NA,0.191607062346961,9789545,954396,9680117,9519802,8842403,NA,39074636,10.2573198127402,1.01684016117142,0.247734028795559,0.157485613902808,NA,0.176876758784325
"40060","Richmond, VA",0.50972596652492,0.128512810016935,0.130182757019264,-0.334122586863962,-0.373107508020016,NA,0.31295447009546,4.58227677070106,0.488006093210626,-0.0377547603969453,NA,NA,NA,8218412,605854,10025552,14324928,13940746,NA,36965441,13.5650041099011,0.699867531620403,0.271214186244931,NA,NA,NA,12407550,683714,11330706,9538646,8739349,NA,48533941,18.1472808806021,1.18787362483103,0.233459425847985,-0.382747423537792,NA,-0.354205870885262,12471269,700005,10805329,9897099,9141911,NA,49684520,17.8159713144906,1.09176729463856,0.217478784136387,-0.35431482155728,NA,-0.329937558279515
"40140","Riverside-San Bernardino-Ontario, CA",0.33276381662968,0.210294412507107,0.484847393326529,0.171794155212025,0.13162046931063,NA,0.331905543085851,1.48398486912689,0.231032776182092,0.0199567779424579,NA,NA,NA,26696905,1820405,23597854,27287628,26151677,NA,135779748,14.665365674122,0.864782164283389,0.173795093506876,NA,NA,NA,35580669,2203226,35039212,31975483,29593773,418951,180845799,16.1493505432489,1.09581494046548,0.193751871449333,0.0938932352160918,NA,0.131320776799992,37603044,2293346,33812405,29683646,27299783,389562,191877623,16.396585600254,1.13909204415118,0.176218594286005,0.00909904075317681,NA,0.0502335633515205
"40380","Rochester, NY",-0.0798369436561311,0.0674476454601772,1.03073653406523,0.371372457897291,0.37790118118887,NA,0.38907355930284,-1.89144804119915,0.46359884800651,0.103958862311496,NA,NA,NA,7147468,521397,12158365,12609640,12415288,NA,54025077,13.7083028862843,0.964211904542874,0.225050396503831,NA,NA,NA,6576836,556564,24690436,17292513,17107040,NA,75044806,11.8168548450852,1.42781075254938,0.329009258815327,0.00282051770554123,NA,0.00312774910020219,6616282,561457,24081800,16754592,16561701,NA,80162316,11.7841295059105,1.4373253613099,0.300412977090133,-0.0291474404160872,NA,-0.0280767081075923
"40900","Sacramento--Roseville--Arden-Arcade, CA",0.0536212108410018,0.0364568737063095,0.286946610153878,-0.0897177543398011,-0.0915383684252429,-0.105788092100151,0.218516657456962,0.236919955835969,0.349750913012905,0.0108078987568457,NA,NA,NA,20368339,1423737,32078403,37951797,23073647,14452137,166681055,14.3062510842944,0.84524068781249,0.192453803463147,NA,NA,NA,21460514,1475642,41283192,34546847,20961523,12923273,203103642,14.5431710401303,1.1949916008254,0.203261702219993,-0.154875884841337,-0.156327627822673,-0.147720478314797,22504849,1532602,41545585,33021560,19294132,13050811,212099884,14.6840791020761,1.25813513958759,0.195877452719399,-0.22210155081506,-0.148001541466473,-0.185349697409455
"41180","St. Louis, MO-IL",0.078226730719889,0.0989933003648058,0.371488897054953,-0.0536879192129042,-0.0712943305763014,0.00383125372421827,0.419589948984703,-0.309088536818436,0.346817141593923,-0.00709141488679677,NA,NA,NA,32633487,1995034,40389374,52324099,34531217,16573948,192986036,16.3573588219549,0.771907682538404,0.209286510242637,NA,NA,NA,35186298,2192529,55393578,49514927,32069337,16637447,273961037,16.0482702851365,1.11872482413233,0.202195095355841,0.221304492128478,0.0510750502511817,0.150648683072914,35259638,2219126,51881178,46719262,30193149,15777584,285327170,15.8889752091589,1.11048796104699,0.181830486034681,0.149853160519174,-0.00324701887000812,0.0856818448795942
"41620","Salt Lake City, UT",0.205230385903797,0.209754100124425,1.1779186955395,0.210570288296136,0.139081557552988,0.335692260942431,0.712153084575989,-0.0714429990603556,0.495275582656767,0.0475601661239558,NA,NA,NA,30188327,1580074,23921123,38594690,21598392,15203660,136824235,19.1056412547767,0.619803475555834,0.174831037790929,NA,NA,NA,36383889,1911501,52098261,46721585,24602330,20307411,234264036,19.0341982557163,1.1150790582126,0.222391203914885,0.064725454949587,0.515416685260436,0.217854248019281,37956447,1984000,50624354,45521914,24013573,19785542,268970123,19.1312736895161,1.11208755413931,0.188215529053389,0.0392455689111608,0.476472824316263,0.186583382024998
"41700","San Antonio-New Braunfels, TX",0.333501924474609,0.269870394871383,0.46817012385644,-0.0700092696095177,-0.0847624748729148,NA,0.709201225032523,0.756925320579672,0.2370328405024,-0.0207698874464227,NA,NA,NA,26739246,1770146,17477008,42668464,41592568,NA,118662319,15.105672639432,0.40960012059492,0.147283553425245,NA,NA,NA,35656836,2247856,25659221,39681276,38067079,NA,202817781,15.8625979600117,0.64663296109732,0.126513665978823,-0.078793250944624,NA,-0.0664692513375903,37098442,2306842,25023585,39453369,37773828,NA,212548694,16.0819171837516,0.634257241757985,0.117731069192079,-0.0858897975529739,NA,-0.0718309285259802
"41740","San Diego-Carlsbad, CA",0.0864253049463008,0.0780861827891779,0.385205849877811,0.159895922870495,0.0911752783341636,0.275681349062527,0.299186647085226,0.12950224260921,0.19027766668818,0.0235857986835246,NA,NA,NA,54385067,3248398,94130855,96096040,59891498,33829833,264244089,16.7421193462131,0.979549781655935,0.356226908825953,NA,NA,NA,59085313,3502053,130390611,111461405,65352122,43156087,343302392,16.8716215888223,1.16982744834412,0.379812707509478,0.0717533352954994,0.324338481894918,0.15918575060226,61422037,3626880,127693790,106563429,61012461,42584795,350540393,16.9352272476619,1.19828904905078,0.364276963653658,0.000584320296999364,0.306807143152397,0.108247365373832
"41860","San Francisco-Oakland-Hayward, CA",0.00840471967576609,-0.00451167258597592,0.709790465932636,0.0875284635598064,-0.0427979233086609,0.322165227329756,0.435963081210958,0.203068097654009,0.703416623247906,0.0672956469502229,NA,NA,NA,153005341,9776197,527555597,429129388,276705926,147332890,1494909379,15.6508037839254,1.22936254601141,0.35290138948282,NA,NA,NA,154291308,9732090,902009530,466690424,264863487,194798424,2146634678,15.8538718815794,1.93277916925932,0.420197036433043,-0.0187739568254296,0.235286967949973,0.0784994676685928,162093906,10257337,947119725,479265251,272107951,200018247,2319325551,15.8027279400102,1.97619110299319,0.408359975421148,0.00806423376911098,0.268387745638531,0.107559297328875
"41940","San Jose-Sunnyvale-Santa Clara, CA",-0.00765336541893606,-0.0299210644847682,0.139070571309792,0.101812472097516,0.043152079919,0.369742917920671,0.213135553234619,0.306443604415003,0.0307158877176678,-0.00803505165402532,NA,NA,NA,25074590,1878242,37183014,40934975,31674070,8279807,282526707,13.3500315720764,0.908343390951136,0.131608846451461,NA,NA,NA,24882685,1822043,42354077,45102666,33040872,11341207,342743193,13.6564751764914,0.939059278668804,0.123573794797436,0.0257687482154687,0.163215153747036,0.0515678929741558,24112265,1909966,40429880,43996916,32624190,10721047,359996459,12.6244472414692,0.918925317401792,0.112306326879732,0.0128326679103267,0.0996082105224075,0.0257873504746021
"42660","Seattle-Tacoma-Bellevue, WA",0.0759819507816744,0.0856043785159024,1.24273302742287,0.245363348921235,0.0339305432088336,31.4930332833013,0.426456145853644,-0.134272462863876,0.784085718809569,0.108004848735685,NA,NA,NA,94493178,6237730,165105171,168638687,137413892,1125279,874775265,15.148648306355,0.979046824528467,0.188740100007286,NA,NA,NA,101672954,6771707,370286820,210016440,142076420,36563728,1247828553,15.0143758434912,1.76313254333804,0.29674494874297,-0.051938655468869,2.605188141363,0.108150686712866,106673331,7246060,405499295,218939267,142073794,44889856,1333355418,14.7215633047477,1.85210858041285,0.304119433967755,-0.0519561784969037,3.42614540067393,0.155231938387593
"45300","Tampa-St. Petersburg-Clearwater, FL",0.137762238996355,0.143754703855998,0.625254849092404,0.258705741291627,0.237879227298466,NA,0.402701427700425,-0.0804618915560358,0.23042447632583,0.0307425434958476,NA,NA,NA,22098973,1438979,19846549,25082126,24595111,NA,102426950,15.3573978494474,0.791262630607948,0.193762959846017,NA,NA,NA,25143377,1645839,32255700,31571016,30445777,385513,143674429,15.2769359578914,1.02168710693378,0.224505503341865,0.134821011108103,NA,0.152880174104501,25439460,1678790,29279458,28675118,27537241,374368,143973911,15.1534498061104,1.02107541458068,0.203366414072061,0.026409661830851,NA,0.0471305399961504
"46060","Tucson, AZ",0.330812660805243,0.278219731403514,0.710401251105129,0.201703565827037,0.130647989877622,NA,0.505607907527764,0.517332896995391,0.206308688631304,0.0223737715928104,NA,NA,NA,9889292,786533,8682244,17814633,17386429,NA,52783324,12.5732702887228,0.487365863781757,0.164488390310546,NA,NA,NA,13160795,1005362,14850121,21407908,19657931,1078136,79470990,13.0906031857182,0.693674552413062,0.186862161903356,-0.0356020492915148,NA,0.0255977025899519,12535762,952754,11601804,17392576,15743501,950034,77297651,13.1573963478505,0.667054954941695,0.150092581726707,-0.227639973841754,NA,-0.166766505736052
"46140","Tulsa, OK",-0.0944898678459915,-0.0643162702739799,0.486736581180284,0.169507504945993,0.21820974637625,NA,0.0831987180563882,-0.520134160102902,0.213820428745485,0.0484385824051194,NA,NA,NA,4230443,262282,2097800,2661245,2451742,NA,16134251,16.1293683897484,0.788277667031784,0.130021529973719,NA,NA,NA,3830709,245413,3118876,3112346,2986736,NA,17476600,15.6092342296455,1.00209809577727,0.178460112378838,0.183400030112605,NA,0.145121797317578,3866757,249174,3046749,3027683,2906433,NA,17875652,15.5183004647355,1.0062972246434,0.170441279568432,0.151582496651954,NA,0.113971839463825
"46520","Urban Honolulu, HI",-0.0331715539212337,0.0349954310552234,0.284082165527109,-0.016649586105333,-0.0150195593892989,NA,0.434603796070716,-0.957478276521146,0.189032559167606,-0.0287207531594522,NA,NA,NA,25438754,1749857,44315714,71695536,70384355,NA,161893296,14.5376187882781,0.618109808119713,0.273734089643836,NA,NA,NA,24594911,1811094,56905018,70501835,69327213,NA,232252737,13.580140511757,0.80714236728732,0.245013336484383,-0.0523712311686579,NA,-0.0572351169414572,25839135,1904401,55168657,69553686,68314175,0,238362315,13.5681166939106,0.79318092501956,0.231448738027234,-0.066218375907036,NA,-0.0699139582951195
"47260","Virginia Beach-Norfolk-Newport News, VA-NC",0.0817073523622746,0.0980210385487616,0.191144335126538,-0.20781653799543,-0.279854237544104,NA,0.724680137149616,-0.210440768180584,0.321355116841926,-0.0762074519981676,NA,NA,NA,14652488,1034482,15309274,23992412,23228478,NA,62145854,14.1640821203269,0.638088158872897,0.246344253310929,NA,NA,NA,15849704,1135883,18235555,19006392,16727890,1554115,107181720,13.9536413521463,0.959443275714823,0.170136801312761,-0.0625073207069889,NA,0.0192743233972851,16605116,1192532,17553592,17839218,15788266,1369483,105969577,13.9242519278309,0.983988872157961,0.165647466914018,-0.115167316754788,NA,-0.0433188552100436
"47900","Washington-Arlington-Alexandria, DC-VA-MD-WV",0.305822798001434,0.33102784628681,0.60696480905433,0.0223470671162725,0.0546222136226777,-0.00655481632470406,0.534526359479717,-0.296093871383007,0.691655041453885,0.0189917609960655,NA,NA,NA,148352390,9487800,558353168,461628989,185151925,274767272,1387837256,15.6361211239697,1.20952795709283,0.402318907052024,NA,NA,NA,193721933,12628526,897253892,471945043,195265333,272966223,2129672852,15.3400272525867,1.90118299854672,0.421310668048089,0.0454877720999563,-0.0499056749368979,-0.0107406376412972,190843894,12564660,843030567,442309429,185983900,252430219,2135852380,15.1889421599948,1.90597466779303,0.394704509962435,-0.00420678740009081,-0.121383899038908,-0.0728608125294327
