"geoid.msa","ntdid"
42660,"0001"
42660,"0001"
42660,"0001"
42660,"0001"
42660,"0001"
42660,"0001"
42660,"0001"
42660,"0001"
42660,"0001"
42660,"0001"
44060,"0002"
44060,"0002"
44060,"0002"
44060,"0002"
44060,"0002"
44060,"0002"
44060,"0002"
44060,"0002"
44060,"0002"
44060,"0002"
42660,"0003"
42660,"0003"
42660,"0003"
42660,"0003"
42660,"0003"
42660,"0003"
42660,"0003"
42660,"0003"
42660,"0003"
42660,"0003"
42660,"0005"
42660,"0005"
42660,"0005"
42660,"0005"
42660,"0005"
42660,"0005"
42660,"0005"
42660,"0005"
42660,"0005"
42660,"0005"
49420,"0006"
49420,"0006"
49420,"0006"
49420,"0006"
49420,"0006"
49420,"0006"
49420,"0006"
49420,"0006"
49420,"0006"
49420,"0006"
21660,"0007"
21660,"0007"
21660,"0007"
21660,"0007"
21660,"0007"
21660,"0007"
21660,"0007"
21660,"0007"
21660,"0007"
21660,"0007"
38900,"0008"
38900,"0008"
38900,"0008"
38900,"0008"
38900,"0008"
38900,"0008"
38900,"0008"
38900,"0008"
38900,"0008"
38900,"0008"
14260,"0011"
14260,"0011"
14260,"0011"
14260,"0011"
14260,"0011"
14260,"0011"
14260,"0011"
14260,"0011"
14260,"0011"
14260,"0011"
11260,"0012"
11260,"0012"
11260,"0012"
11260,"0012"
11260,"0012"
11260,"0012"
11260,"0012"
11260,"0012"
11260,"0012"
11260,"0012"
31020,"0016"
31020,"0016"
31020,"0016"
31020,"0016"
31020,"0016"
31020,"0016"
31020,"0016"
31020,"0016"
31020,"0016"
31020,"0016"
28420,"0018"
28420,"0018"
28420,"0018"
28420,"0018"
28420,"0018"
28420,"0018"
28420,"0018"
28420,"0018"
28420,"0018"
28420,"0018"
36500,"0019"
36500,"0019"
36500,"0019"
36500,"0019"
36500,"0019"
36500,"0019"
36500,"0019"
36500,"0019"
36500,"0019"
36500,"0019"
14740,"0020"
14740,"0020"
14740,"0020"
14740,"0020"
14740,"0020"
14740,"0020"
14740,"0020"
14740,"0020"
14740,"0020"
14740,"0020"
13380,"0021"
13380,"0021"
13380,"0021"
13380,"0021"
13380,"0021"
13380,"0021"
13380,"0021"
13380,"0021"
13380,"0021"
13380,"0021"
NA,"0022"
NA,"0022"
NA,"0022"
NA,"0022"
NA,"0022"
NA,"0022"
NA,"0022"
NA,"0022"
NA,"0022"
NA,"0022"
42660,"0023"
42660,"0023"
42660,"0023"
42660,"0023"
42660,"0023"
42660,"0023"
42660,"0023"
42660,"0023"
42660,"0023"
42660,"0023"
38900,"0024"
38900,"0024"
38900,"0024"
38900,"0024"
38900,"0024"
38900,"0024"
38900,"0024"
38900,"0024"
38900,"0024"
38900,"0024"
41420,"0025"
41420,"0025"
41420,"0025"
41420,"0025"
41420,"0025"
41420,"0025"
41420,"0025"
41420,"0025"
41420,"0025"
41420,"0025"
42660,"0028"
42660,"0028"
42660,"0028"
42660,"0028"
42660,"0028"
42660,"0028"
42660,"0028"
42660,"0028"
42660,"0028"
42660,"0028"
42660,"0029"
42660,"0029"
42660,"0029"
42660,"0029"
42660,"0029"
42660,"0029"
42660,"0029"
42660,"0029"
42660,"0029"
42660,"0029"
NA,"0033"
32780,"0034"
32780,"0034"
32780,"0034"
32780,"0034"
32780,"0034"
32780,"0034"
32780,"0034"
32780,"0034"
32780,"0034"
32780,"0034"
42660,"0035"
42660,"0035"
42660,"0035"
42660,"0035"
42660,"0035"
42660,"0035"
42660,"0035"
42660,"0035"
42660,"0035"
42660,"0035"
42660,"0040"
42660,"0040"
42660,"0040"
42660,"0040"
42660,"0040"
42660,"0040"
42660,"0040"
42660,"0040"
42660,"0040"
42660,"0040"
11260,"0041"
11260,"0041"
11260,"0041"
11260,"0041"
11260,"0041"
11260,"0041"
11260,"0041"
11260,"0041"
11260,"0041"
11260,"0041"
26820,"0042"
26820,"0042"
26820,"0042"
26820,"0042"
26820,"0042"
26820,"0042"
26820,"0042"
26820,"0042"
48300,"0043"
48300,"0043"
48300,"0043"
48300,"0043"
48300,"0043"
48300,"0043"
48300,"0043"
48300,"0043"
48300,"0043"
48300,"0043"
34580,"0044"
34580,"0044"
34580,"0044"
34580,"0044"
34580,"0044"
34580,"0044"
34580,"0044"
34580,"0044"
34580,"0044"
34580,"0044"
21820,"0045"
21820,"0045"
21820,"0045"
21820,"0045"
21820,"0045"
21820,"0045"
21820,"0045"
21820,"0045"
21820,"0045"
21820,"0045"
38900,"0046"
38900,"0046"
38900,"0046"
38900,"0046"
38900,"0046"
38900,"0046"
38900,"0046"
38900,"0046"
38900,"0046"
38900,"0046"
18700,"0047"
18700,"0047"
18700,"0047"
18700,"0047"
18700,"0047"
18700,"0047"
18700,"0047"
30300,"0048"
30300,"0048"
30300,"0048"
30300,"0048"
11260,"0049"
11260,"0049"
11260,"0049"
11260,"0049"
11260,"0049"
11260,"0049"
11260,"0049"
11260,"0049"
11260,"0049"
11260,"0049"
NA,"0050"
NA,"0050"
NA,"0050"
NA,"0050"
NA,"0050"
NA,"0050"
30300,"0051"
30300,"0051"
30300,"0051"
30300,"0051"
NA,"0052"
NA,"0052"
NA,"0052"
NA,"0052"
NA,"0052"
17660,"0053"
17660,"0053"
17660,"0053"
17660,"0053"
17660,"0053"
17660,"0053"
42660,"0054"
42660,"0054"
42660,"0054"
42660,"0054"
42660,"0054"
42660,"0054"
42660,"0054"
17660,"0055"
17660,"0055"
17660,"0055"
NA,"0056"
13460,"0057"
13460,"0057"
13460,"0057"
38900,"0058"
38900,"0058"
38900,"0058"
24420,"0059"
24420,"0059"
24420,"0059"
42660,"0060"
42660,"0060"
42660,"0060"
10540,"0061"
10540,"0061"
10540,"0061"
25840,"0063"
25840,"0063"
25840,"0063"
47460,"0064"
47460,"0064"
47460,"0064"
18700,"0065"
18700,"0065"
39300,"1001"
39300,"1001"
39300,"1001"
39300,"1001"
39300,"1001"
39300,"1001"
39300,"1001"
39300,"1001"
39300,"1001"
39300,"1001"
31700,"1002"
31700,"1002"
31700,"1002"
31700,"1002"
31700,"1002"
31700,"1002"
31700,"1002"
31700,"1002"
31700,"1002"
31700,"1002"
14460,"1003"
14460,"1003"
14460,"1003"
14460,"1003"
14460,"1003"
14460,"1003"
14460,"1003"
14460,"1003"
14460,"1003"
14460,"1003"
14460,"1004"
14460,"1004"
14460,"1004"
14460,"1004"
14460,"1004"
14460,"1004"
14460,"1004"
14460,"1004"
14460,"1004"
14460,"1004"
14460,"1005"
14460,"1005"
14460,"1005"
14460,"1005"
14460,"1005"
14460,"1005"
14460,"1005"
14460,"1005"
14460,"1005"
14460,"1005"
39300,"1006"
39300,"1006"
39300,"1006"
39300,"1006"
39300,"1006"
39300,"1006"
39300,"1006"
39300,"1006"
39300,"1006"
39300,"1006"
38340,"1007"
38340,"1007"
38340,"1007"
38340,"1007"
38340,"1007"
38340,"1007"
38340,"1007"
38340,"1007"
38340,"1007"
38340,"1007"
44140,"1008"
44140,"1008"
44140,"1008"
44140,"1008"
44140,"1008"
44140,"1008"
44140,"1008"
44140,"1008"
44140,"1008"
44140,"1008"
14460,"1013"
14460,"1013"
14460,"1013"
14460,"1013"
14460,"1013"
14460,"1013"
14460,"1013"
14460,"1013"
14460,"1013"
14460,"1013"
49340,"1014"
49340,"1014"
49340,"1014"
49340,"1014"
49340,"1014"
49340,"1014"
49340,"1014"
49340,"1014"
49340,"1014"
49340,"1014"
30340,"1015"
30340,"1015"
30340,"1015"
30340,"1015"
30340,"1015"
30340,"1015"
30340,"1015"
30340,"1015"
38860,"1016"
38860,"1016"
38860,"1016"
38860,"1016"
38860,"1016"
38860,"1016"
38860,"1016"
38860,"1016"
38860,"1016"
38860,"1016"
19100,"1017"
19100,"1017"
19100,"1017"
19100,"1017"
19100,"1017"
19100,"1017"
19100,"1017"
19100,"1017"
19100,"1017"
19100,"1017"
35620,"1040"
35620,"1040"
35620,"1040"
35620,"1040"
35620,"1040"
35620,"1040"
35620,"1040"
35620,"1040"
35620,"1040"
35620,"1040"
35300,"1042"
35300,"1042"
35300,"1042"
35300,"1042"
35300,"1042"
35300,"1042"
35300,"1042"
35300,"1042"
35300,"1042"
25540,"1045"
25540,"1045"
25540,"1045"
25540,"1045"
NA,"1047"
NA,"1047"
NA,"1047"
NA,"1047"
NA,"1047"
19100,"1048"
19100,"1048"
19100,"1048"
19100,"1048"
19100,"1048"
19100,"1048"
19100,"1048"
19100,"1048"
19100,"1048"
19100,"1048"
47900,"1049"
47900,"1049"
47900,"1049"
47900,"1049"
47900,"1049"
47900,"1049"
47900,"1049"
47900,"1049"
47900,"1049"
47900,"1049"
41940,"1050"
41940,"1050"
41940,"1050"
41940,"1050"
41940,"1050"
41940,"1050"
41940,"1050"
41940,"1050"
41940,"1050"
41940,"1050"
14860,"1051"
14860,"1051"
14860,"1051"
14860,"1051"
14860,"1051"
14860,"1051"
14860,"1051"
14860,"1051"
14860,"1051"
14860,"1051"
NA,"1052"
14460,"1053"
14460,"1053"
14460,"1053"
14460,"1053"
14460,"1053"
14460,"1053"
14460,"1053"
14460,"1053"
14460,"1053"
14460,"1053"
19100,"1055"
19100,"1055"
19100,"1055"
19100,"1055"
19100,"1055"
19100,"1055"
19100,"1055"
19100,"1055"
19100,"1055"
19100,"1055"
19100,"1056"
19100,"1056"
19100,"1056"
19100,"1056"
19100,"1056"
19100,"1056"
19100,"1056"
19100,"1056"
19100,"1056"
19100,"1056"
12060,"1057"
12060,"1057"
12060,"1057"
12060,"1057"
12060,"1057"
12060,"1057"
12060,"1057"
12060,"1057"
12060,"1057"
12060,"1057"
49340,"1061"
49340,"1061"
49340,"1061"
49340,"1061"
49340,"1061"
49340,"1061"
49340,"1061"
49340,"1061"
49340,"1061"
49340,"1061"
25540,"1063"
25540,"1063"
25540,"1063"
25540,"1063"
25540,"1063"
25540,"1063"
25540,"1063"
25540,"1063"
25540,"1063"
25540,"1063"
39300,"1064"
39300,"1064"
39300,"1064"
39300,"1064"
39300,"1064"
39300,"1064"
39300,"1064"
39300,"1064"
39300,"1064"
39300,"1064"
15540,"1066"
15540,"1066"
15540,"1066"
15540,"1066"
15540,"1066"
15540,"1066"
15540,"1066"
15540,"1066"
15540,"1066"
15540,"1066"
38860,"1069"
38860,"1069"
38860,"1069"
38860,"1069"
38860,"1069"
38860,"1069"
38860,"1069"
38860,"1069"
38860,"1069"
38860,"1069"
14460,"1086"
14460,"1086"
14460,"1086"
14460,"1086"
14460,"1086"
14460,"1086"
14460,"1086"
14460,"1086"
14460,"1086"
14460,"1086"
31700,"1087"
31700,"1087"
31700,"1087"
31700,"1087"
31700,"1087"
31700,"1087"
31700,"1087"
31700,"1087"
31700,"1087"
31700,"1087"
38860,"1088"
38860,"1088"
38860,"1088"
38860,"1088"
38860,"1088"
38860,"1088"
38860,"1088"
38860,"1088"
38860,"1088"
38860,"1088"
NA,"1095"
NA,"1095"
NA,"1095"
NA,"1095"
NA,"1095"
NA,"1095"
12620,"1096"
12620,"1096"
12620,"1096"
12620,"1096"
12620,"1096"
12620,"1096"
12620,"1096"
12620,"1096"
12620,"1096"
12620,"1096"
30340,"1098"
30340,"1098"
30340,"1098"
30340,"1098"
30340,"1098"
30340,"1098"
30340,"1098"
38860,"1099"
38860,"1099"
38860,"1099"
40060,"1102"
40060,"1102"
40060,"1102"
40060,"1102"
40060,"1102"
40060,"1102"
40060,"1102"
40060,"1102"
40060,"1102"
40060,"1102"
12700,"1105"
12700,"1105"
12700,"1105"
12700,"1105"
12700,"1105"
12700,"1105"
12700,"1105"
12700,"1105"
12700,"1105"
12700,"1105"
47900,"1107"
47900,"1107"
47900,"1107"
47900,"1107"
47900,"1107"
47900,"1107"
47900,"1107"
47900,"1107"
47900,"1107"
47900,"1107"
25540,"1108"
25540,"1108"
25540,"1108"
25540,"1108"
25540,"1108"
25540,"1108"
25540,"1108"
25540,"1108"
25540,"1108"
25540,"1108"
NA,"1110"
NA,"1110"
NA,"1110"
NA,"1110"
NA,"1110"
38860,"1112"
38860,"1112"
38860,"1112"
38860,"1114"
38860,"1114"
38860,"1114"
38860,"1114"
38860,"1115"
38860,"1115"
38860,"1115"
38860,"1115"
38860,"1115"
38860,"1115"
38860,"1115"
38860,"1115"
38860,"1115"
38860,"1115"
NA,"1116"
NA,"1116"
NA,"1116"
NA,"1116"
NA,"1116"
14460,"1117"
14460,"1117"
14460,"1117"
14460,"1117"
14460,"1117"
14460,"1118"
14460,"1118"
14460,"1118"
14460,"1118"
14460,"1118"
14460,"1118"
14460,"1118"
14460,"1118"
14460,"1119"
14460,"1119"
14460,"1119"
14460,"1119"
14460,"1119"
14460,"1119"
14460,"1119"
14460,"1122"
14460,"1122"
14460,"1122"
14460,"1122"
14460,"1123"
14460,"1123"
14460,"1123"
14460,"1123"
38340,"1125"
38340,"1125"
38340,"1125"
38340,"1125"
49340,"1126"
49340,"1126"
49340,"1126"
49340,"1126"
16980,"1128"
16980,"1128"
16980,"1128"
16980,"1128"
47900,"1130"
47900,"1130"
47900,"1130"
47900,"1130"
45860,"1132"
45860,"1132"
18180,"1133"
18180,"1133"
14460,"1135"
10580,"2002"
10580,"2002"
10580,"2002"
10580,"2002"
10580,"2002"
10580,"2002"
10580,"2002"
10580,"2002"
10580,"2002"
10580,"2002"
13780,"2003"
13780,"2003"
13780,"2003"
13780,"2003"
13780,"2003"
13780,"2003"
13780,"2003"
13780,"2003"
13780,"2003"
13780,"2003"
15380,"2004"
15380,"2004"
15380,"2004"
15380,"2004"
15380,"2004"
15380,"2004"
15380,"2004"
15380,"2004"
15380,"2004"
15380,"2004"
21300,"2005"
21300,"2005"
21300,"2005"
21300,"2005"
21300,"2005"
21300,"2005"
21300,"2005"
21300,"2005"
21300,"2005"
21300,"2005"
35620,"2006"
35620,"2006"
35620,"2006"
35620,"2006"
35620,"2006"
35620,"2006"
35620,"2006"
35620,"2006"
35620,"2006"
35620,"2006"
NA,"2007"
NA,"2007"
NA,"2007"
NA,"2007"
NA,"2007"
NA,"2007"
NA,"2007"
35620,"2008"
35620,"2008"
35620,"2008"
35620,"2008"
35620,"2008"
35620,"2008"
35620,"2008"
35620,"2008"
35620,"2008"
35620,"2008"
35620,"2009"
35620,"2009"
35620,"2009"
35620,"2009"
35620,"2009"
35620,"2009"
35620,"2009"
35620,"2009"
35620,"2009"
35620,"2010"
35620,"2010"
35620,"2010"
35620,"2010"
35620,"2010"
35620,"2010"
35620,"2010"
35620,"2010"
35620,"2010"
35620,"2010"
45060,"2018"
45060,"2018"
45060,"2018"
45060,"2018"
45060,"2018"
45060,"2018"
45060,"2018"
45060,"2018"
45060,"2018"
45060,"2018"
35620,"2071"
35620,"2071"
35620,"2071"
35620,"2071"
35620,"2071"
35620,"2071"
35620,"2071"
35620,"2071"
35620,"2071"
35620,"2071"
35620,"2072"
35620,"2072"
35620,"2072"
35620,"2072"
35620,"2072"
35620,"2072"
35620,"2072"
35620,"2072"
35620,"2072"
35620,"2072"
37980,"2075"
37980,"2075"
37980,"2075"
37980,"2075"
37980,"2075"
37980,"2075"
37980,"2075"
37980,"2075"
37980,"2075"
37980,"2075"
35620,"2076"
35620,"2076"
35620,"2076"
35620,"2076"
35620,"2076"
35620,"2076"
35620,"2076"
35620,"2076"
35620,"2076"
35620,"2076"
35620,"2078"
35620,"2078"
35620,"2078"
35620,"2078"
35620,"2078"
35620,"2078"
35620,"2078"
35620,"2078"
35620,"2078"
35620,"2078"
35620,"2080"
35620,"2080"
35620,"2080"
35620,"2080"
35620,"2080"
35620,"2080"
35620,"2080"
35620,"2080"
35620,"2080"
35620,"2080"
35620,"2082"
35620,"2082"
35620,"2082"
35620,"2082"
35620,"2082"
35620,"2082"
35620,"2082"
35620,"2082"
35620,"2082"
35620,"2082"
35620,"2084"
35620,"2084"
35620,"2084"
35620,"2084"
35620,"2084"
35620,"2084"
35620,"2084"
35620,"2084"
35620,"2084"
35620,"2084"
35620,"2085"
35620,"2085"
35620,"2085"
35620,"2085"
35620,"2085"
35620,"2085"
35620,"2085"
35620,"2085"
35620,"2085"
35620,"2085"
NA,"2086"
NA,"2086"
NA,"2086"
NA,"2086"
NA,"2086"
NA,"2086"
NA,"2086"
NA,"2086"
NA,"2086"
35620,"2089"
35620,"2089"
35620,"2089"
35620,"2089"
35620,"2089"
35620,"2089"
35620,"2089"
35620,"2089"
35620,"2089"
35620,"2089"
35620,"2096"
35620,"2096"
35620,"2096"
35620,"2096"
35620,"2096"
35620,"2096"
35620,"2096"
35620,"2096"
35620,"2096"
35620,"2096"
35620,"2098"
35620,"2098"
35620,"2098"
35620,"2098"
35620,"2098"
35620,"2098"
35620,"2098"
35620,"2098"
35620,"2098"
35620,"2098"
35620,"2099"
35620,"2099"
35620,"2099"
35620,"2099"
35620,"2099"
35620,"2099"
35620,"2099"
35620,"2099"
35620,"2099"
35620,"2099"
35620,"2100"
35620,"2100"
35620,"2100"
35620,"2100"
35620,"2100"
35620,"2100"
35620,"2100"
35620,"2100"
35620,"2100"
35620,"2100"
40380,"2113"
40380,"2113"
40380,"2113"
40380,"2113"
40380,"2113"
40380,"2113"
40380,"2113"
40380,"2113"
40380,"2113"
40380,"2113"
45060,"2116"
45060,"2116"
45060,"2116"
45060,"2116"
45060,"2116"
45060,"2116"
45060,"2116"
45060,"2116"
45060,"2116"
45060,"2116"
24020,"2120"
24020,"2120"
24020,"2120"
24020,"2120"
24020,"2120"
24020,"2120"
24020,"2120"
24020,"2120"
24020,"2120"
24020,"2120"
35620,"2122"
35620,"2122"
35620,"2122"
35620,"2122"
35620,"2122"
35620,"2122"
35620,"2122"
35620,"2122"
35620,"2122"
35620,"2122"
35620,"2126"
35620,"2126"
35620,"2126"
35620,"2126"
35620,"2126"
35620,"2126"
35620,"2126"
35620,"2126"
35620,"2126"
35620,"2126"
35620,"2128"
35620,"2128"
35620,"2128"
35620,"2128"
35620,"2128"
35620,"2128"
35620,"2128"
35620,"2128"
35620,"2128"
35620,"2128"
NA,"2132"
NA,"2132"
NA,"2132"
NA,"2132"
NA,"2132"
NA,"2132"
NA,"2132"
NA,"2132"
NA,"2132"
NA,"2132"
35620,"2135"
35620,"2135"
35620,"2135"
35620,"2135"
35620,"2135"
35620,"2135"
35620,"2135"
35620,"2135"
35620,"2135"
35620,"2135"
35620,"2137"
35620,"2137"
35620,"2137"
35620,"2137"
35620,"2137"
35620,"2137"
35620,"2137"
35620,"2137"
35620,"2137"
35620,"2137"
35620,"2143"
35620,"2143"
35620,"2143"
35620,"2143"
27060,"2145"
27060,"2145"
27060,"2145"
27060,"2145"
27060,"2145"
27060,"2145"
27060,"2145"
27060,"2145"
27060,"2145"
27060,"2145"
NA,"2147"
35620,"2148"
35620,"2148"
35620,"2148"
35620,"2148"
35620,"2148"
35620,"2148"
35620,"2148"
35620,"2148"
35620,"2148"
35620,"2148"
35620,"2149"
35620,"2149"
35620,"2149"
35620,"2149"
35620,"2149"
35620,"2149"
35620,"2149"
35620,"2149"
35620,"2149"
35620,"2149"
NA,"2155"
NA,"2155"
NA,"2158"
NA,"2158"
NA,"2158"
NA,"2158"
NA,"2158"
NA,"2158"
NA,"2158"
NA,"2158"
NA,"2158"
NA,"2158"
NA,"2159"
NA,"2159"
NA,"2159"
35620,"2160"
35620,"2160"
35620,"2160"
35620,"2160"
35620,"2160"
35620,"2160"
35620,"2160"
35620,"2160"
35620,"2160"
35620,"2160"
35620,"2161"
35620,"2161"
35620,"2161"
35620,"2161"
35620,"2161"
35620,"2161"
35620,"2161"
35620,"2161"
35620,"2161"
35620,"2161"
20100,"2163"
20100,"2163"
20100,"2163"
20100,"2163"
20100,"2163"
20100,"2163"
20100,"2163"
20100,"2163"
20100,"2163"
20100,"2163"
35620,"2165"
35620,"2165"
35620,"2165"
35620,"2165"
35620,"2165"
35620,"2165"
35620,"2165"
35620,"2165"
35620,"2165"
35620,"2165"
35620,"2166"
35620,"2166"
35620,"2166"
35620,"2166"
35620,"2166"
35620,"2166"
35620,"2166"
35620,"2166"
35620,"2166"
35620,"2166"
NA,"2168"
NA,"2168"
NA,"2168"
NA,"2168"
NA,"2168"
NA,"2168"
NA,"2168"
10900,"2169"
10900,"2169"
10900,"2169"
10900,"2169"
10900,"2169"
10900,"2169"
10900,"2169"
10900,"2169"
10900,"2169"
10900,"2169"
NA,"2171"
NA,"2171"
NA,"2171"
NA,"2171"
NA,"2171"
NA,"2171"
NA,"2171"
45060,"2172"
45060,"2172"
45060,"2172"
45060,"2172"
45060,"2172"
45060,"2172"
45060,"2172"
45060,"2172"
45060,"2172"
45060,"2172"
NA,"2173"
35620,"2175"
35620,"2175"
35620,"2175"
35620,"2175"
35620,"2175"
35620,"2175"
35620,"2175"
35620,"2175"
35620,"2175"
35620,"2175"
35620,"2176"
35620,"2176"
35620,"2176"
35620,"2176"
28740,"2177"
28740,"2177"
28740,"2177"
28740,"2177"
28740,"2177"
28740,"2177"
28740,"2177"
28740,"2177"
28740,"2177"
28740,"2177"
28740,"2178"
28740,"2178"
28740,"2178"
28740,"2178"
28740,"2178"
28740,"2178"
28740,"2178"
28740,"2178"
28740,"2178"
28740,"2178"
35620,"2179"
35620,"2179"
35620,"2179"
35620,"2179"
35620,"2179"
35620,"2179"
35620,"2179"
35620,"2179"
35620,"2179"
35620,"2179"
NA,"2180"
NA,"2181"
35620,"2182"
35620,"2182"
35620,"2182"
35620,"2182"
35620,"2182"
35620,"2182"
35620,"2182"
35620,"2182"
35620,"2182"
35620,"2183"
35620,"2183"
35620,"2183"
35620,"2183"
35620,"2183"
35620,"2183"
35620,"2183"
35620,"2183"
35620,"2183"
35620,"2183"
45060,"2185"
45060,"2185"
45060,"2185"
45060,"2185"
45060,"2185"
45060,"2185"
45060,"2185"
45060,"2185"
45060,"2185"
45060,"2185"
35620,"2187"
35620,"2187"
35620,"2187"
35620,"2187"
35620,"2187"
35620,"2187"
35620,"2187"
35620,"2187"
35620,"2187"
35620,"2187"
35620,"2188"
35620,"2188"
35620,"2188"
35620,"2188"
35620,"2188"
35620,"2188"
35620,"2188"
35620,"2188"
35620,"2188"
35620,"2188"
35620,"2189"
35620,"2189"
35620,"2189"
35620,"2189"
35620,"2189"
35620,"2189"
35620,"2189"
35620,"2189"
35620,"2189"
35620,"2190"
35620,"2190"
35620,"2190"
35620,"2190"
35620,"2190"
35620,"2190"
35620,"2190"
35620,"2190"
35620,"2190"
28740,"2191"
28740,"2191"
28740,"2191"
28740,"2191"
35620,"2192"
35620,"2192"
35620,"2192"
35620,"2192"
35620,"2192"
47220,"2193"
47220,"2193"
47220,"2193"
47220,"2193"
47220,"2193"
45940,"2194"
45940,"2194"
45940,"2194"
45940,"2194"
37980,"2195"
37980,"2195"
37980,"2195"
37980,"2195"
37980,"2195"
35620,"2196"
35620,"2196"
35620,"2196"
35620,"2196"
19820,"2197"
19820,"2197"
19820,"2197"
19820,"2197"
19820,"2197"
NA,"2198"
NA,"2198"
NA,"2198"
NA,"2198"
12100,"2199"
12100,"2199"
12100,"2199"
12100,"2199"
12100,"2199"
37980,"2200"
37980,"2200"
37980,"2200"
37980,"2200"
47220,"2201"
47220,"2201"
47220,"2201"
47220,"2201"
35620,"2202"
35620,"2202"
35620,"2202"
35620,"2202"
36140,"2203"
36140,"2203"
36140,"2203"
36140,"2203"
36140,"2203"
37980,"2204"
37980,"2204"
37980,"2204"
37980,"2204"
35620,"2206"
35620,"2206"
35620,"2206"
NA,"2207"
NA,"2207"
37980,"2208"
37980,"2208"
37980,"2208"
NA,"2209"
NA,"2209"
35620,"2210"
35620,"2210"
35620,"2210"
45940,"2211"
45940,"2211"
45940,"2211"
35620,"2212"
35620,"2212"
35620,"2212"
10580,"2213"
10580,"2213"
10580,"2213"
35620,"2214"
35620,"2214"
35620,"2214"
48060,"2215"
48060,"2215"
48060,"2215"
35620,"2217"
16620,"3001"
16620,"3001"
16620,"3001"
16620,"3001"
16620,"3001"
16620,"3001"
16620,"3001"
16620,"3001"
16620,"3001"
16620,"3001"
26580,"3002"
26580,"3002"
26580,"3002"
26580,"3002"
26580,"3002"
26580,"3002"
26580,"3002"
26580,"3002"
26580,"3002"
26580,"3002"
37620,"3003"
37620,"3003"
37620,"3003"
37620,"3003"
37620,"3003"
40060,"3006"
40060,"3006"
40060,"3006"
40060,"3006"
40060,"3006"
40060,"3006"
40060,"3006"
40060,"3006"
40060,"3006"
40060,"3006"
40220,"3007"
40220,"3007"
40220,"3007"
40220,"3007"
40220,"3007"
40220,"3007"
40220,"3007"
40220,"3007"
40220,"3007"
40220,"3007"
31340,"3008"
31340,"3008"
31340,"3008"
31340,"3008"
31340,"3008"
31340,"3008"
31340,"3008"
31340,"3008"
31340,"3008"
31340,"3008"
40060,"3009"
40060,"3009"
40060,"3009"
40060,"3009"
40060,"3009"
40060,"3009"
40060,"3009"
40060,"3009"
40060,"3009"
40060,"3009"
10900,"3010"
10900,"3010"
10900,"3010"
10900,"3010"
10900,"3010"
10900,"3010"
10900,"3010"
10900,"3010"
10900,"3010"
10900,"3010"
11020,"3011"
11020,"3011"
11020,"3011"
11020,"3011"
11020,"3011"
11020,"3011"
11020,"3011"
11020,"3011"
11020,"3011"
11020,"3011"
27780,"3012"
27780,"3012"
27780,"3012"
27780,"3012"
27780,"3012"
27780,"3012"
27780,"3012"
27780,"3012"
27780,"3012"
27780,"3012"
21500,"3013"
21500,"3013"
21500,"3013"
21500,"3013"
21500,"3013"
21500,"3013"
21500,"3013"
21500,"3013"
21500,"3013"
21500,"3013"
25420,"3014"
25420,"3014"
25420,"3014"
25420,"3014"
25420,"3014"
25420,"3014"
25420,"3014"
25420,"3014"
25420,"3014"
25420,"3014"
42540,"3015"
42540,"3015"
42540,"3015"
42540,"3015"
42540,"3015"
42540,"3015"
42540,"3015"
42540,"3015"
42540,"3015"
42540,"3015"
29540,"3018"
29540,"3018"
29540,"3018"
29540,"3018"
29540,"3018"
29540,"3018"
29540,"3018"
29540,"3018"
29540,"3018"
29540,"3018"
37980,"3019"
37980,"3019"
37980,"3019"
37980,"3019"
37980,"3019"
37980,"3019"
37980,"3019"
37980,"3019"
37980,"3019"
37980,"3019"
38300,"3022"
38300,"3022"
38300,"3022"
38300,"3022"
38300,"3022"
38300,"3022"
38300,"3022"
38300,"3022"
38300,"3022"
38300,"3022"
38300,"3023"
38300,"3023"
38300,"3023"
38300,"3023"
38300,"3023"
38300,"3023"
38300,"3023"
38300,"3023"
38300,"3023"
38300,"3023"
39740,"3024"
39740,"3024"
39740,"3024"
39740,"3024"
39740,"3024"
39740,"3024"
39740,"3024"
39740,"3024"
39740,"3024"
39740,"3024"
42540,"3025"
42540,"3025"
42540,"3025"
42540,"3025"
42540,"3025"
42540,"3025"
42540,"3025"
42540,"3025"
42540,"3025"
42540,"3025"
48700,"3026"
48700,"3026"
48700,"3026"
48700,"3026"
48700,"3026"
48700,"3026"
48700,"3026"
48700,"3026"
48700,"3026"
48700,"3026"
49620,"3027"
49620,"3027"
49620,"3027"
49620,"3027"
49620,"3027"
49620,"3027"
49620,"3027"
49620,"3027"
49620,"3027"
49620,"3027"
47900,"3030"
47900,"3030"
47900,"3030"
47900,"3030"
47900,"3030"
47900,"3030"
47900,"3030"
47900,"3030"
47900,"3030"
47900,"3030"
12580,"3034"
12580,"3034"
12580,"3034"
12580,"3034"
12580,"3034"
12580,"3034"
12580,"3034"
12580,"3034"
12580,"3034"
12580,"3034"
48540,"3035"
48540,"3035"
48540,"3035"
48540,"3035"
48540,"3035"
48540,"3035"
48540,"3035"
48540,"3035"
48540,"3035"
48540,"3035"
16820,"3036"
16820,"3036"
16820,"3036"
16820,"3036"
16820,"3036"
16820,"3036"
16820,"3036"
16820,"3036"
16820,"3036"
16820,"3036"
12580,"3040"
12580,"3040"
12580,"3040"
12580,"3040"
12580,"3040"
12580,"3040"
12580,"3040"
12580,"3040"
12580,"3040"
12580,"3040"
19060,"3041"
19060,"3041"
19060,"3041"
19060,"3041"
19060,"3041"
19060,"3041"
19060,"3041"
19060,"3041"
19060,"3041"
19060,"3041"
25180,"3042"
25180,"3042"
25180,"3042"
25180,"3042"
25180,"3042"
25180,"3042"
25180,"3042"
25180,"3042"
25180,"3042"
25180,"3042"
38300,"3044"
38300,"3044"
38300,"3044"
38300,"3044"
38300,"3044"
38300,"3044"
38300,"3044"
38300,"3044"
38300,"3044"
38300,"3044"
16820,"3045"
16820,"3045"
16820,"3045"
16820,"3045"
16820,"3045"
16820,"3045"
16820,"3045"
16820,"3045"
47900,"3048"
47900,"3048"
47900,"3048"
47900,"3048"
47900,"3048"
47900,"3048"
47900,"3048"
47900,"3048"
47900,"3048"
47900,"3048"
NA,"3050"
NA,"3050"
47900,"3051"
47900,"3051"
47900,"3051"
47900,"3051"
47900,"3051"
47900,"3051"
47900,"3051"
47900,"3051"
47900,"3051"
47900,"3051"
28700,"3053"
28700,"3053"
28700,"3053"
28700,"3053"
44300,"3054"
44300,"3054"
44300,"3054"
44300,"3054"
44300,"3054"
44300,"3054"
44300,"3054"
44300,"3054"
44300,"3054"
44300,"3054"
49660,"3055"
49660,"3055"
49660,"3055"
49660,"3055"
49660,"3055"
49660,"3055"
49660,"3055"
49660,"3055"
49660,"3055"
49660,"3055"
25420,"3057"
25420,"3057"
25420,"3057"
25420,"3057"
25420,"3057"
25420,"3057"
25420,"3057"
25420,"3057"
25420,"3057"
25420,"3057"
47900,"3058"
47900,"3058"
47900,"3058"
47900,"3058"
47900,"3058"
47900,"3058"
47900,"3058"
47900,"3058"
47900,"3058"
47900,"3058"
38300,"3061"
38300,"3061"
38300,"3061"
38300,"3061"
38300,"3061"
38300,"3061"
38300,"3061"
38300,"3061"
38300,"3061"
38300,"3061"
48260,"3066"
48260,"3066"
48260,"3066"
48260,"3066"
NA,"3067"
NA,"3067"
47900,"3068"
47900,"3068"
47900,"3068"
47900,"3068"
47900,"3068"
47900,"3068"
47900,"3068"
47900,"3068"
47900,"3068"
47900,"3068"
NA,"3069"
NA,"3069"
NA,"3069"
NA,"3069"
NA,"3069"
NA,"3069"
NA,"3069"
NA,"3069"
NA,"3069"
47900,"3070"
47900,"3070"
47900,"3070"
47900,"3070"
47900,"3070"
47900,"3070"
47900,"3070"
47900,"3070"
47900,"3070"
47900,"3070"
47900,"3071"
47900,"3071"
47900,"3071"
47900,"3071"
47900,"3071"
47900,"3071"
47900,"3071"
47900,"3071"
47900,"3071"
47900,"3071"
47900,"3072"
47900,"3072"
47900,"3072"
47900,"3072"
47900,"3072"
47900,"3072"
47900,"3072"
47900,"3072"
47900,"3072"
47900,"3072"
47900,"3073"
47900,"3073"
47900,"3073"
47900,"3073"
47900,"3073"
47900,"3073"
47900,"3073"
47900,"3073"
47900,"3073"
47900,"3073"
12580,"3074"
12580,"3074"
12580,"3074"
12580,"3074"
12580,"3074"
12580,"3074"
12580,"3074"
12580,"3074"
12580,"3074"
12580,"3074"
20100,"3075"
20100,"3075"
20100,"3075"
20100,"3075"
20100,"3075"
20100,"3075"
20100,"3075"
20100,"3075"
20100,"3075"
20100,"3075"
47260,"3076"
47260,"3076"
47260,"3076"
47260,"3076"
47260,"3076"
47260,"3076"
47260,"3076"
47260,"3076"
47260,"3076"
47260,"3076"
37980,"3077"
37980,"3077"
37980,"3077"
37980,"3077"
38300,"3078"
38300,"3078"
38300,"3078"
38300,"3078"
38300,"3078"
38300,"3078"
38300,"3078"
38300,"3078"
38300,"3078"
38300,"3078"
47900,"3079"
47900,"3079"
47900,"3079"
47900,"3079"
47900,"3079"
47900,"3079"
47900,"3079"
47900,"3079"
47900,"3079"
47900,"3079"
47900,"3080"
47900,"3080"
47900,"3080"
47900,"3080"
47900,"3080"
47900,"3080"
47900,"3080"
47900,"3081"
47900,"3081"
47900,"3081"
47900,"3081"
47900,"3081"
47900,"3081"
47900,"3081"
47900,"3081"
47900,"3081"
47900,"3081"
47260,"3083"
47260,"3083"
47260,"3083"
47260,"3083"
47260,"3083"
47260,"3083"
47260,"3083"
47260,"3083"
47260,"3083"
47260,"3083"
47900,"3085"
47900,"3085"
47900,"3085"
47900,"3085"
47900,"3085"
47900,"3085"
47900,"3085"
47900,"3085"
47900,"3085"
47900,"3085"
38300,"3087"
38300,"3087"
38300,"3087"
38300,"3087"
38300,"3087"
38300,"3087"
38300,"3087"
38300,"3087"
38300,"3087"
38300,"3087"
47900,"3088"
47900,"3088"
47900,"3088"
47900,"3088"
47900,"3088"
47900,"3088"
47900,"3088"
47900,"3088"
47900,"3088"
47900,"3088"
34060,"3089"
34060,"3089"
34060,"3089"
34060,"3089"
34060,"3089"
34060,"3089"
34060,"3089"
34060,"3089"
34060,"3089"
34060,"3089"
25180,"3090"
25180,"3090"
25180,"3090"
25180,"3090"
13980,"3091"
13980,"3091"
13980,"3091"
13980,"3091"
13980,"3091"
13980,"3091"
13980,"3091"
13980,"3091"
13980,"3091"
13980,"3091"
12580,"3092"
12580,"3092"
12580,"3092"
12580,"3092"
12580,"3092"
12580,"3092"
12580,"3092"
12580,"3092"
12580,"3092"
12580,"3092"
42540,"3093"
42540,"3093"
42540,"3093"
25500,"3094"
25500,"3094"
25500,"3094"
25500,"3094"
25500,"3094"
25500,"3094"
25500,"3094"
25500,"3094"
25500,"3094"
25500,"3094"
30140,"3095"
30140,"3095"
30140,"3095"
30140,"3095"
30140,"3095"
30140,"3095"
30140,"3095"
30140,"3095"
30140,"3095"
30140,"3095"
41540,"3096"
41540,"3096"
41540,"3096"
41540,"3096"
41540,"3096"
41540,"3096"
41540,"3096"
41540,"3096"
41540,"3096"
41540,"3096"
NA,"3098"
NA,"3098"
NA,"3098"
NA,"3098"
49020,"3099"
49020,"3099"
49020,"3099"
49020,"3099"
38300,"3101"
38300,"3101"
38300,"3101"
38300,"3101"
38300,"3101"
38300,"3101"
38300,"3101"
38300,"3101"
NA,"3102"
NA,"3102"
NA,"3102"
NA,"3102"
NA,"3102"
NA,"3102"
NA,"3102"
NA,"3103"
NA,"3103"
NA,"3103"
NA,"3103"
NA,"3103"
NA,"3103"
NA,"3103"
NA,"3103"
47900,"3106"
47900,"3106"
47900,"3106"
34060,"3107"
34060,"3107"
34060,"3107"
37980,"3108"
37980,"3108"
37980,"3108"
15680,"3109"
15680,"3109"
15680,"3109"
NA,"3111"
44420,"3113"
20700,"3R04"
16860,"4001"
16860,"4001"
16860,"4001"
16860,"4001"
16860,"4001"
16860,"4001"
16860,"4001"
16860,"4001"
16860,"4001"
16860,"4001"
28940,"4002"
28940,"4002"
28940,"4002"
28940,"4002"
28940,"4002"
28940,"4002"
28940,"4002"
28940,"4002"
28940,"4002"
28940,"4002"
32820,"4003"
32820,"4003"
32820,"4003"
32820,"4003"
32820,"4003"
32820,"4003"
32820,"4003"
32820,"4003"
32820,"4003"
32820,"4003"
34980,"4004"
34980,"4004"
34980,"4004"
34980,"4004"
34980,"4004"
34980,"4004"
34980,"4004"
34980,"4004"
34980,"4004"
34980,"4004"
11700,"4005"
11700,"4005"
11700,"4005"
11700,"4005"
11700,"4005"
11700,"4005"
11700,"4005"
11700,"4005"
11700,"4005"
11700,"4005"
48900,"4006"
48900,"4006"
48900,"4006"
48900,"4006"
48900,"4006"
48900,"4006"
48900,"4006"
48900,"4006"
48900,"4006"
48900,"4006"
39580,"4007"
39580,"4007"
39580,"4007"
39580,"4007"
39580,"4007"
39580,"4007"
39580,"4007"
39580,"4007"
39580,"4007"
39580,"4007"
16740,"4008"
16740,"4008"
16740,"4008"
16740,"4008"
16740,"4008"
16740,"4008"
16740,"4008"
16740,"4008"
16740,"4008"
16740,"4008"
22180,"4009"
22180,"4009"
22180,"4009"
22180,"4009"
22180,"4009"
22180,"4009"
22180,"4009"
22180,"4009"
22180,"4009"
22180,"4009"
NA,"4010"
NA,"4010"
24660,"4011"
24660,"4011"
24660,"4011"
24660,"4011"
24660,"4011"
24660,"4011"
24660,"4011"
24660,"4011"
24660,"4011"
24660,"4011"
49180,"4012"
49180,"4012"
49180,"4012"
49180,"4012"
49180,"4012"
49180,"4012"
49180,"4012"
49180,"4012"
49180,"4012"
49180,"4012"
25060,"4014"
25060,"4014"
25060,"4014"
25060,"4014"
25060,"4014"
25060,"4014"
25060,"4014"
25060,"4014"
25060,"4014"
25060,"4014"
27140,"4015"
27140,"4015"
27140,"4015"
27140,"4015"
27140,"4015"
27140,"4015"
27140,"4015"
27140,"4015"
27140,"4015"
27140,"4015"
26580,"4016"
26580,"4016"
26580,"4016"
26580,"4016"
30460,"4017"
30460,"4017"
30460,"4017"
30460,"4017"
30460,"4017"
30460,"4017"
30460,"4017"
30460,"4017"
30460,"4017"
30460,"4017"
31140,"4018"
31140,"4018"
31140,"4018"
31140,"4018"
31140,"4018"
31140,"4018"
31140,"4018"
31140,"4018"
31140,"4018"
31140,"4018"
17140,"4019"
17140,"4019"
17140,"4019"
17140,"4019"
17140,"4019"
17140,"4019"
17140,"4019"
17140,"4019"
17140,"4019"
17140,"4019"
36980,"4020"
36980,"4020"
36980,"4020"
36980,"4020"
10500,"4021"
10500,"4021"
10500,"4021"
10500,"4021"
10500,"4021"
10500,"4021"
10500,"4021"
10500,"4021"
10500,"4021"
10500,"4021"
12060,"4022"
12060,"4022"
12060,"4022"
12060,"4022"
12060,"4022"
12060,"4022"
12060,"4022"
12060,"4022"
12060,"4022"
12060,"4022"
12260,"4023"
12260,"4023"
12260,"4023"
12260,"4023"
12260,"4023"
12260,"4023"
12260,"4023"
12260,"4023"
12260,"4023"
12260,"4023"
17980,"4024"
17980,"4024"
17980,"4024"
17980,"4024"
17980,"4024"
17980,"4024"
17980,"4024"
17980,"4024"
17980,"4024"
17980,"4024"
42340,"4025"
42340,"4025"
42340,"4025"
42340,"4025"
42340,"4025"
42340,"4025"
42340,"4025"
42340,"4025"
42340,"4025"
42340,"4025"
35840,"4026"
35840,"4026"
35840,"4026"
35840,"4026"
35840,"4026"
35840,"4026"
35840,"4026"
35840,"4026"
35840,"4026"
35840,"4026"
45300,"4027"
45300,"4027"
45300,"4027"
45300,"4027"
45300,"4027"
45300,"4027"
45300,"4027"
45300,"4027"
45300,"4027"
45300,"4027"
15980,"4028"
15980,"4028"
15980,"4028"
15980,"4028"
15980,"4028"
15980,"4028"
15980,"4028"
15980,"4028"
15980,"4028"
15980,"4028"
33100,"4029"
33100,"4029"
33100,"4029"
33100,"4029"
33100,"4029"
33100,"4029"
33100,"4029"
33100,"4029"
33100,"4029"
33100,"4029"
23540,"4030"
23540,"4030"
23540,"4030"
23540,"4030"
23540,"4030"
23540,"4030"
23540,"4030"
23540,"4030"
23540,"4030"
23540,"4030"
29460,"4031"
29460,"4031"
29460,"4031"
29460,"4031"
29460,"4031"
29460,"4031"
29460,"4031"
29460,"4031"
29460,"4031"
29460,"4031"
19660,"4032"
19660,"4032"
19660,"4032"
19660,"4032"
19660,"4032"
19660,"4032"
19660,"4032"
19660,"4032"
19660,"4032"
19660,"4032"
33100,"4034"
33100,"4034"
33100,"4034"
33100,"4034"
33100,"4034"
33100,"4034"
33100,"4034"
33100,"4034"
33100,"4034"
33100,"4034"
36740,"4035"
36740,"4035"
36740,"4035"
36740,"4035"
36740,"4035"
36740,"4035"
36740,"4035"
36740,"4035"
36740,"4035"
36740,"4035"
45220,"4036"
45220,"4036"
45220,"4036"
45220,"4036"
45220,"4036"
45220,"4036"
45220,"4036"
45220,"4036"
45220,"4036"
45220,"4036"
33100,"4037"
33100,"4037"
33100,"4037"
33100,"4037"
33100,"4037"
33100,"4037"
33100,"4037"
33100,"4037"
33100,"4037"
33100,"4037"
37860,"4038"
37860,"4038"
37860,"4038"
37860,"4038"
37860,"4038"
37860,"4038"
37860,"4038"
37860,"4038"
37860,"4038"
37860,"4038"
27260,"4040"
27260,"4040"
27260,"4040"
27260,"4040"
27260,"4040"
27260,"4040"
27260,"4040"
27260,"4040"
27260,"4040"
27260,"4040"
45300,"4041"
45300,"4041"
45300,"4041"
45300,"4041"
45300,"4041"
45300,"4041"
45300,"4041"
45300,"4041"
45300,"4041"
45300,"4041"
13820,"4042"
13820,"4042"
13820,"4042"
13820,"4042"
13820,"4042"
13820,"4042"
13820,"4042"
13820,"4042"
13820,"4042"
13820,"4042"
33660,"4043"
33660,"4043"
33660,"4043"
33660,"4043"
33660,"4043"
33660,"4043"
33660,"4043"
33660,"4043"
33660,"4043"
33660,"4043"
33860,"4044"
33860,"4044"
33860,"4044"
33860,"4044"
33860,"4044"
33860,"4044"
33860,"4044"
33860,"4044"
33860,"4044"
33860,"4044"
46220,"4045"
46220,"4045"
46220,"4045"
46220,"4045"
46220,"4045"
46220,"4045"
46220,"4045"
46220,"4045"
46220,"4045"
46220,"4045"
35840,"4046"
35840,"4046"
35840,"4046"
35840,"4046"
35840,"4046"
35840,"4046"
35840,"4046"
35840,"4046"
35840,"4046"
35840,"4046"
12020,"4047"
12020,"4047"
12020,"4047"
12020,"4047"
12020,"4047"
12020,"4047"
12020,"4047"
12020,"4047"
12020,"4047"
12020,"4047"
23460,"4049"
23460,"4049"
23460,"4049"
23460,"4049"
20500,"4051"
20500,"4051"
20500,"4051"
20500,"4051"
20500,"4051"
20500,"4051"
20500,"4051"
20500,"4051"
20500,"4051"
20500,"4051"
24860,"4053"
24860,"4053"
24860,"4053"
24860,"4053"
24860,"4053"
24860,"4053"
24860,"4053"
24860,"4053"
24860,"4053"
24860,"4053"
27740,"4054"
27740,"4054"
27740,"4054"
27740,"4054"
27740,"4054"
27740,"4054"
27740,"4054"
27740,"4054"
27740,"4054"
27740,"4054"
28700,"4055"
28700,"4055"
28700,"4055"
28700,"4055"
22500,"4056"
22500,"4056"
22500,"4056"
22500,"4056"
22500,"4056"
22500,"4056"
22500,"4056"
22500,"4056"
22500,"4056"
22500,"4056"
27180,"4057"
27180,"4057"
27180,"4057"
27180,"4057"
27180,"4057"
27180,"4057"
27180,"4057"
27180,"4057"
27180,"4057"
27180,"4057"
40660,"4058"
40660,"4058"
40660,"4058"
40660,"4058"
40660,"4058"
40660,"4058"
40660,"4058"
40660,"4058"
40660,"4058"
40660,"4058"
25620,"4060"
25620,"4060"
25620,"4060"
25620,"4060"
37340,"4063"
37340,"4063"
37340,"4063"
37340,"4063"
37340,"4063"
37340,"4063"
37340,"4063"
37340,"4063"
37340,"4063"
37340,"4063"
11500,"4064"
11500,"4064"
11500,"4064"
11500,"4064"
22520,"4068"
22520,"4068"
22520,"4068"
22520,"4068"
22520,"4068"
22520,"4068"
22520,"4068"
22520,"4068"
22520,"4068"
22520,"4068"
NA,"4070"
NA,"4070"
26620,"4071"
26620,"4071"
26620,"4071"
26620,"4071"
26620,"4071"
26620,"4071"
26620,"4071"
26620,"4071"
26620,"4071"
26620,"4071"
12220,"4073"
12220,"4073"
12220,"4073"
12220,"4073"
12220,"4073"
12220,"4073"
12220,"4073"
12220,"4073"
12220,"4073"
12220,"4073"
45300,"4074"
45300,"4074"
45300,"4074"
45300,"4074"
45300,"4074"
45300,"4074"
45300,"4074"
45300,"4074"
45300,"4074"
45300,"4074"
33100,"4077"
33100,"4077"
33100,"4077"
33100,"4077"
33100,"4077"
33100,"4077"
33100,"4077"
33100,"4077"
33100,"4077"
33100,"4077"
12060,"4078"
12060,"4078"
12060,"4078"
12060,"4078"
12060,"4078"
12060,"4078"
12060,"4078"
12060,"4078"
12060,"4078"
12060,"4078"
28700,"4080"
28700,"4080"
28700,"4080"
28700,"4080"
24860,"4081"
24860,"4081"
24860,"4081"
24860,"4081"
12060,"4082"
12060,"4082"
12060,"4082"
12060,"4082"
12060,"4082"
12060,"4082"
12060,"4082"
12060,"4082"
12060,"4082"
12060,"4082"
NA,"4085"
NA,"4085"
NA,"4085"
NA,"4086"
NA,"4086"
NA,"4086"
NA,"4086"
NA,"4086"
NA,"4086"
NA,"4086"
NA,"4086"
NA,"4086"
NA,"4086"
20500,"4087"
20500,"4087"
20500,"4087"
20500,"4087"
20500,"4087"
20500,"4087"
20500,"4087"
20500,"4087"
20500,"4087"
20500,"4087"
NA,"4088"
NA,"4088"
NA,"4088"
NA,"4088"
NA,"4088"
NA,"4088"
NA,"4088"
NA,"4088"
NA,"4088"
NA,"4088"
NA,"4089"
NA,"4089"
NA,"4089"
17300,"4092"
17300,"4092"
17300,"4092"
17300,"4092"
17300,"4092"
17300,"4092"
17300,"4092"
17300,"4092"
17300,"4092"
17300,"4092"
24660,"4093"
24660,"4093"
24660,"4093"
24660,"4093"
24660,"4093"
24660,"4093"
24660,"4093"
24660,"4093"
24660,"4093"
24660,"4093"
NA,"4094"
NA,"4094"
NA,"4094"
NA,"4094"
NA,"4094"
NA,"4094"
NA,"4094"
NA,"4094"
NA,"4094"
NA,"4094"
24780,"4095"
24780,"4095"
24780,"4095"
24780,"4095"
40580,"4096"
40580,"4096"
40580,"4096"
40580,"4096"
38940,"4097"
38940,"4097"
38940,"4097"
38940,"4097"
38940,"4097"
38940,"4097"
38940,"4097"
38940,"4097"
38940,"4097"
38940,"4097"
44940,"4100"
44940,"4100"
44940,"4100"
44940,"4100"
44940,"4100"
44940,"4100"
44940,"4100"
44940,"4100"
44940,"4100"
44940,"4100"
43900,"4101"
43900,"4101"
43900,"4101"
43900,"4101"
43900,"4101"
43900,"4101"
43900,"4101"
43900,"4101"
43900,"4101"
43900,"4101"
34820,"4102"
34820,"4102"
34820,"4102"
34820,"4102"
34820,"4102"
34820,"4102"
34820,"4102"
34820,"4102"
34820,"4102"
34820,"4102"
20020,"4103"
20020,"4103"
20020,"4103"
20020,"4103"
20020,"4103"
20020,"4103"
20020,"4103"
20020,"4103"
20020,"4103"
20020,"4103"
42680,"4104"
42680,"4104"
42680,"4104"
42680,"4104"
42680,"4104"
42680,"4104"
42680,"4104"
42680,"4104"
42680,"4104"
42680,"4104"
NA,"4105"
NA,"4105"
NA,"4105"
NA,"4105"
NA,"4105"
NA,"4105"
NA,"4105"
NA,"4105"
NA,"4105"
NA,"4105"
20500,"4108"
20500,"4108"
20500,"4108"
20500,"4108"
20500,"4108"
20500,"4108"
20500,"4108"
20500,"4108"
20500,"4108"
20500,"4108"
16700,"4110"
16700,"4110"
16700,"4110"
16700,"4110"
16700,"4110"
16700,"4110"
16700,"4110"
16700,"4110"
16700,"4110"
16700,"4110"
19460,"4111"
19460,"4111"
19460,"4111"
19460,"4111"
19460,"4111"
19460,"4111"
19460,"4111"
19460,"4111"
19460,"4111"
19460,"4111"
NA,"4112"
NA,"4112"
NA,"4112"
NA,"4113"
NA,"4113"
NA,"4113"
NA,"4113"
NA,"4113"
NA,"4113"
NA,"4113"
NA,"4114"
NA,"4114"
NA,"4114"
NA,"4114"
NA,"4115"
NA,"4115"
NA,"4115"
NA,"4117"
NA,"4117"
NA,"4117"
36100,"4120"
36100,"4120"
36100,"4120"
36100,"4120"
36100,"4120"
36100,"4120"
NA,"4121"
NA,"4121"
NA,"4121"
NA,"4121"
NA,"4122"
NA,"4122"
NA,"4122"
NA,"4123"
NA,"4123"
NA,"4123"
NA,"4123"
NA,"4124"
NA,"4124"
NA,"4124"
NA,"4125"
NA,"4125"
NA,"4125"
NA,"4125"
NA,"4125"
NA,"4125"
NA,"4125"
NA,"4126"
NA,"4126"
NA,"4126"
29460,"4127"
29460,"4127"
29460,"4127"
29460,"4127"
29460,"4127"
29460,"4127"
29460,"4127"
29460,"4127"
29460,"4127"
29460,"4127"
18880,"4128"
18880,"4128"
18880,"4128"
18880,"4128"
18880,"4128"
18880,"4128"
18880,"4128"
18880,"4128"
18880,"4128"
18880,"4128"
39460,"4129"
39460,"4129"
39460,"4129"
39460,"4129"
39460,"4129"
39460,"4129"
39460,"4129"
39460,"4129"
39460,"4129"
39460,"4129"
31420,"4130"
31420,"4130"
31420,"4130"
31420,"4130"
31420,"4130"
31420,"4130"
31420,"4130"
31420,"4130"
31420,"4130"
31420,"4130"
49180,"4131"
49180,"4131"
49180,"4131"
49180,"4131"
24140,"4132"
24140,"4132"
24140,"4132"
24660,"4133"
24660,"4133"
24660,"4133"
24660,"4133"
24660,"4133"
24660,"4133"
24660,"4133"
24660,"4133"
24660,"4133"
24660,"4133"
NA,"4134"
12060,"4135"
12060,"4135"
12060,"4135"
12060,"4135"
12060,"4135"
12060,"4135"
12060,"4135"
12060,"4135"
12060,"4135"
12060,"4135"
NA,"4137"
NA,"4137"
NA,"4137"
NA,"4137"
12060,"4138"
12060,"4138"
12060,"4138"
12060,"4138"
12060,"4138"
12060,"4138"
12060,"4138"
12060,"4138"
12060,"4138"
12060,"4138"
34940,"4140"
34940,"4140"
34940,"4140"
34940,"4140"
34940,"4140"
34940,"4140"
34940,"4140"
34940,"4140"
34940,"4140"
34940,"4140"
17900,"4141"
17900,"4141"
17900,"4141"
17900,"4141"
17900,"4141"
17900,"4141"
17900,"4141"
17900,"4141"
17900,"4141"
17900,"4141"
NA,"4142"
NA,"4142"
39580,"4143"
39580,"4143"
39580,"4143"
39580,"4143"
39580,"4143"
39580,"4143"
39580,"4143"
39580,"4143"
39580,"4143"
39580,"4143"
23580,"4144"
23580,"4144"
23580,"4144"
23580,"4144"
23580,"4144"
23580,"4144"
23580,"4144"
NA,"4145"
NA,"4145"
NA,"4145"
45300,"4146"
45300,"4146"
45300,"4146"
45300,"4146"
45300,"4146"
45300,"4146"
45300,"4146"
45300,"4146"
45300,"4146"
45300,"4146"
39580,"4147"
39580,"4147"
39580,"4147"
39580,"4147"
39580,"4147"
39580,"4147"
39580,"4147"
39580,"4147"
39580,"4147"
39580,"4147"
NA,"4148"
NA,"4148"
NA,"4148"
NA,"4148"
NA,"4148"
NA,"4148"
NA,"4148"
NA,"4148"
NA,"4148"
NA,"4148"
NA,"4150"
NA,"4150"
NA,"4150"
NA,"4150"
NA,"4151"
NA,"4151"
NA,"4151"
33100,"4152"
33100,"4152"
33100,"4152"
33100,"4152"
33100,"4152"
33100,"4152"
33100,"4152"
33100,"4152"
33100,"4152"
33100,"4152"
12060,"4153"
12060,"4153"
12060,"4153"
12060,"4153"
12060,"4153"
12060,"4153"
12060,"4153"
12060,"4153"
12060,"4153"
12060,"4153"
27260,"4155"
27260,"4155"
27260,"4155"
27260,"4155"
27260,"4155"
27260,"4155"
27260,"4155"
27260,"4155"
27260,"4155"
NA,"4156"
NA,"4156"
NA,"4156"
NA,"4157"
NA,"4157"
NA,"4157"
NA,"4157"
NA,"4157"
36740,"4158"
36740,"4158"
36740,"4158"
36740,"4158"
36740,"4158"
36740,"4158"
36740,"4158"
36740,"4158"
36740,"4158"
34980,"4159"
34980,"4159"
34980,"4159"
34980,"4159"
34980,"4159"
34980,"4159"
34980,"4159"
34980,"4159"
34980,"4159"
NA,"4160"
NA,"4160"
NA,"4160"
12060,"4161"
12060,"4161"
12060,"4161"
12060,"4161"
34980,"4162"
34980,"4162"
34980,"4162"
34980,"4162"
NA,"4163"
NA,"4164"
NA,"4164"
NA,"4164"
NA,"4164"
NA,"4165"
NA,"4165"
NA,"4165"
27340,"4166"
27340,"4166"
27340,"4166"
16740,"4167"
16740,"4167"
16740,"4167"
16740,"4167"
13820,"4169"
13820,"4169"
13820,"4169"
13820,"4169"
13820,"4169"
13820,"4169"
13820,"4169"
13820,"4169"
17420,"4170"
17420,"4170"
17420,"4170"
17420,"4170"
17420,"4170"
17420,"4170"
17420,"4170"
28940,"4171"
28940,"4171"
28940,"4171"
28940,"4171"
28940,"4171"
28940,"4171"
28940,"4171"
28940,"4171"
25860,"4172"
25860,"4172"
25860,"4172"
25860,"4172"
25860,"4172"
25860,"4172"
25860,"4172"
24660,"4173"
24660,"4173"
24660,"4173"
24660,"4173"
24660,"4173"
24660,"4173"
24660,"4173"
24660,"4173"
NA,"4174"
NA,"4174"
NA,"4174"
NA,"4174"
NA,"4174"
NA,"4175"
NA,"4175"
NA,"4175"
NA,"4175"
NA,"4175"
NA,"4175"
NA,"4175"
NA,"4175"
NA,"4177"
NA,"4177"
NA,"4177"
NA,"4177"
NA,"4177"
NA,"4177"
NA,"4177"
NA,"4177"
34980,"4178"
34980,"4178"
34980,"4178"
34980,"4178"
34980,"4178"
34980,"4178"
34980,"4178"
33100,"4179"
33100,"4179"
33100,"4179"
33100,"4179"
33100,"4179"
33100,"4179"
33100,"4179"
33100,"4179"
12020,"4180"
12020,"4180"
12020,"4180"
12020,"4180"
12020,"4180"
12020,"4180"
12020,"4180"
12060,"4181"
12060,"4181"
12060,"4181"
12060,"4181"
NA,"4182"
NA,"4182"
NA,"4182"
NA,"4182"
NA,"4183"
NA,"4183"
NA,"4183"
NA,"4183"
14540,"4184"
14540,"4184"
14540,"4184"
14540,"4184"
14540,"4184"
14540,"4184"
14540,"4184"
37460,"4185"
37460,"4185"
37460,"4185"
37460,"4185"
37460,"4185"
37460,"4185"
37460,"4185"
34980,"4186"
34980,"4186"
34980,"4186"
34980,"4186"
34980,"4186"
34980,"4186"
34980,"4186"
16740,"4187"
16740,"4187"
16740,"4187"
16740,"4187"
NA,"4188"
NA,"4188"
NA,"4188"
NA,"4188"
NA,"4188"
28940,"4190"
28940,"4190"
28940,"4190"
21060,"4191"
21060,"4191"
21060,"4191"
38940,"4192"
38940,"4192"
38940,"4192"
38940,"4192"
25980,"4193"
25980,"4193"
25980,"4193"
NA,"4194"
NA,"4194"
NA,"4194"
NA,"4195"
NA,"4195"
NA,"4195"
31140,"4196"
31140,"4196"
31140,"4196"
NA,"4197"
NA,"4197"
NA,"4197"
NA,"4197"
NA,"4198"
NA,"4198"
NA,"4198"
NA,"4198"
NA,"4199"
NA,"4199"
NA,"4199"
NA,"4199"
45300,"4200"
45300,"4200"
45300,"4200"
45300,"4200"
NA,"4201"
NA,"4201"
NA,"4201"
12060,"4203"
12060,"4203"
12060,"4203"
34980,"4204"
34980,"4204"
16740,"4205"
16740,"4205"
16740,"4205"
16700,"4206"
16700,"4206"
24860,"4208"
24860,"4208"
24860,"4208"
22180,"4209"
22180,"4209"
22180,"4209"
35100,"4210"
35100,"4210"
35100,"4210"
NA,"4212"
33860,"4213"
33860,"4213"
33860,"4213"
16740,"4214"
16740,"4214"
16740,"4214"
16740,"4215"
16740,"4215"
16740,"4217"
16740,"4217"
31140,"4218"
24780,"4220"
24780,"4220"
16740,"4221"
16740,"4221"
22180,"4223"
22180,"4223"
11700,"4224"
11700,"4224"
15500,"4225"
15500,"4225"
11700,"4226"
11700,"4226"
27340,"4227"
27340,"4227"
16740,"4228"
16740,"4228"
11700,"4229"
11700,"4229"
20500,"4231"
20500,"4231"
36740,"4232"
16740,"4233"
16740,"4233"
NA,"4234"
NA,"4234"
12260,"4235"
16740,"4237"
16740,"4R06"
11540,"5001"
11540,"5001"
11540,"5001"
11540,"5001"
11540,"5001"
11540,"5001"
11540,"5001"
11540,"5001"
11540,"5001"
11540,"5001"
24580,"5002"
24580,"5002"
24580,"5002"
24580,"5002"
24580,"5002"
24580,"5002"
24580,"5002"
24580,"5002"
24580,"5002"
24580,"5002"
16980,"5003"
16980,"5003"
16980,"5003"
16980,"5003"
16980,"5003"
16980,"5003"
16980,"5003"
16980,"5003"
16980,"5003"
16980,"5003"
29100,"5004"
29100,"5004"
29100,"5004"
29100,"5004"
29100,"5004"
29100,"5004"
29100,"5004"
29100,"5004"
29100,"5004"
29100,"5004"
31540,"5005"
31540,"5005"
31540,"5005"
31540,"5005"
31540,"5005"
31540,"5005"
31540,"5005"
31540,"5005"
31540,"5005"
31540,"5005"
39540,"5006"
39540,"5006"
39540,"5006"
39540,"5006"
39540,"5006"
39540,"5006"
39540,"5006"
39540,"5006"
39540,"5006"
39540,"5006"
33340,"5008"
33340,"5008"
33340,"5008"
33340,"5008"
33340,"5008"
33340,"5008"
33340,"5008"
33340,"5008"
33340,"5008"
33340,"5008"
36780,"5009"
36780,"5009"
36780,"5009"
36780,"5009"
36780,"5009"
36780,"5009"
36780,"5009"
36780,"5009"
36780,"5009"
36780,"5009"
10420,"5010"
10420,"5010"
10420,"5010"
10420,"5010"
10420,"5010"
10420,"5010"
10420,"5010"
10420,"5010"
10420,"5010"
10420,"5010"
15940,"5011"
15940,"5011"
15940,"5011"
15940,"5011"
15940,"5011"
15940,"5011"
15940,"5011"
15940,"5011"
15940,"5011"
15940,"5011"
17140,"5012"
17140,"5012"
17140,"5012"
17140,"5012"
17140,"5012"
17140,"5012"
17140,"5012"
17140,"5012"
17140,"5012"
17140,"5012"
17460,"5015"
17460,"5015"
17460,"5015"
17460,"5015"
17460,"5015"
17460,"5015"
17460,"5015"
17460,"5015"
17460,"5015"
17460,"5015"
18140,"5016"
18140,"5016"
18140,"5016"
18140,"5016"
18140,"5016"
18140,"5016"
18140,"5016"
18140,"5016"
18140,"5016"
18140,"5016"
19380,"5017"
19380,"5017"
19380,"5017"
19380,"5017"
19380,"5017"
19380,"5017"
19380,"5017"
19380,"5017"
19380,"5017"
19380,"5017"
17140,"5019"
17140,"5019"
17140,"5019"
17140,"5019"
17140,"5019"
17140,"5019"
17140,"5019"
17140,"5019"
17140,"5019"
17140,"5019"
44220,"5020"
44220,"5020"
44220,"5020"
44220,"5020"
44220,"5020"
44220,"5020"
44220,"5020"
44220,"5020"
44220,"5020"
44220,"5020"
10420,"5021"
10420,"5021"
10420,"5021"
10420,"5021"
10420,"5021"
10420,"5021"
10420,"5021"
10420,"5021"
10420,"5021"
10420,"5021"
45780,"5022"
45780,"5022"
45780,"5022"
45780,"5022"
45780,"5022"
45780,"5022"
45780,"5022"
45780,"5022"
45780,"5022"
45780,"5022"
49660,"5024"
49660,"5024"
49660,"5024"
49660,"5024"
49660,"5024"
49660,"5024"
49660,"5024"
49660,"5024"
49660,"5024"
49660,"5024"
20260,"5025"
20260,"5025"
20260,"5025"
20260,"5025"
20260,"5025"
20260,"5025"
20260,"5025"
20260,"5025"
20260,"5025"
20260,"5025"
22020,"5026"
22020,"5026"
22020,"5026"
22020,"5026"
22020,"5026"
22020,"5026"
22020,"5026"
22020,"5026"
22020,"5026"
33460,"5027"
33460,"5027"
33460,"5027"
33460,"5027"
33460,"5027"
33460,"5027"
33460,"5027"
33460,"5027"
33460,"5027"
33460,"5027"
33460,"5028"
33460,"5028"
33460,"5028"
33460,"5028"
33460,"5028"
33460,"5028"
33460,"5028"
33460,"5028"
33460,"5028"
33460,"5028"
13020,"5029"
13020,"5029"
13020,"5029"
13020,"5029"
13020,"5029"
13020,"5029"
13020,"5029"
13020,"5029"
13020,"5029"
13020,"5029"
12980,"5030"
12980,"5030"
12980,"5030"
12980,"5030"
12980,"5030"
12980,"5030"
12980,"5030"
12980,"5030"
12980,"5030"
12980,"5030"
19820,"5031"
19820,"5031"
19820,"5031"
19820,"5031"
19820,"5031"
19820,"5031"
19820,"5031"
19820,"5031"
19820,"5031"
19820,"5031"
22420,"5032"
22420,"5032"
22420,"5032"
22420,"5032"
22420,"5032"
22420,"5032"
22420,"5032"
22420,"5032"
22420,"5032"
22420,"5032"
24340,"5033"
24340,"5033"
24340,"5033"
24340,"5033"
24340,"5033"
24340,"5033"
24340,"5033"
24340,"5033"
24340,"5033"
24340,"5033"
27100,"5034"
27100,"5034"
27100,"5034"
27100,"5034"
27100,"5034"
27100,"5034"
27100,"5034"
27100,"5034"
27100,"5034"
27100,"5034"
28020,"5035"
28020,"5035"
28020,"5035"
28020,"5035"
28020,"5035"
28020,"5035"
28020,"5035"
28020,"5035"
28020,"5035"
28020,"5035"
29620,"5036"
29620,"5036"
29620,"5036"
29620,"5036"
29620,"5036"
29620,"5036"
29620,"5036"
29620,"5036"
29620,"5036"
29620,"5036"
34740,"5037"
34740,"5037"
34740,"5037"
34740,"5037"
34740,"5037"
34740,"5037"
34740,"5037"
34740,"5037"
34740,"5037"
34740,"5037"
35660,"5038"
35660,"5038"
35660,"5038"
35660,"5038"
35660,"5038"
35660,"5038"
40980,"5039"
40980,"5039"
40980,"5039"
40980,"5039"
40980,"5039"
40980,"5039"
40980,"5039"
40980,"5039"
40980,"5039"
40980,"5039"
11460,"5040"
11460,"5040"
11460,"5040"
11460,"5040"
11460,"5040"
11460,"5040"
11460,"5040"
11460,"5040"
11460,"5040"
11460,"5040"
26900,"5041"
26900,"5041"
26900,"5041"
26900,"5041"
26900,"5041"
26900,"5041"
26900,"5041"
26900,"5041"
26900,"5041"
26900,"5041"
16980,"5042"
16980,"5042"
16980,"5042"
16980,"5042"
16980,"5042"
16980,"5042"
16980,"5042"
16980,"5042"
16980,"5042"
16980,"5042"
21780,"5043"
21780,"5043"
21780,"5043"
21780,"5043"
21780,"5043"
21780,"5043"
21780,"5043"
21780,"5043"
21780,"5043"
21780,"5043"
23060,"5044"
23060,"5044"
23060,"5044"
23060,"5044"
23060,"5044"
23060,"5044"
23060,"5044"
23060,"5044"
23060,"5044"
23060,"5044"
16980,"5045"
16980,"5045"
16980,"5045"
16980,"5045"
16980,"5045"
16980,"5045"
16980,"5045"
16980,"5045"
16980,"5045"
16980,"5045"
14010,"5047"
14010,"5047"
14010,"5047"
14010,"5047"
14010,"5047"
14010,"5047"
14010,"5047"
14010,"5047"
14010,"5047"
14010,"5047"
NA,"5048"
NA,"5048"
NA,"5048"
NA,"5048"
NA,"5048"
26900,"5050"
26900,"5050"
26900,"5050"
26900,"5050"
26900,"5050"
26900,"5050"
26900,"5050"
26900,"5050"
26900,"5050"
26900,"5050"
29200,"5051"
29200,"5051"
29200,"5051"
29200,"5051"
29200,"5051"
29200,"5051"
29200,"5051"
29200,"5051"
29200,"5051"
29200,"5051"
43780,"5052"
43780,"5052"
43780,"5052"
43780,"5052"
43780,"5052"
43780,"5052"
43780,"5052"
43780,"5052"
43780,"5052"
43780,"5052"
45460,"5053"
45460,"5053"
45460,"5053"
45460,"5053"
45460,"5053"
45460,"5053"
45460,"5053"
45460,"5053"
45460,"5053"
45460,"5053"
34620,"5054"
34620,"5054"
34620,"5054"
34620,"5054"
34620,"5054"
34620,"5054"
34620,"5054"
34620,"5054"
34620,"5054"
34620,"5054"
37900,"5056"
37900,"5056"
37900,"5056"
37900,"5056"
37900,"5056"
37900,"5056"
37900,"5056"
37900,"5056"
37900,"5056"
37900,"5056"
19340,"5057"
19340,"5057"
19340,"5057"
19340,"5057"
19340,"5057"
19340,"5057"
19340,"5057"
19340,"5057"
19340,"5057"
19340,"5057"
40420,"5058"
40420,"5058"
40420,"5058"
40420,"5058"
40420,"5058"
40420,"5058"
40420,"5058"
40420,"5058"
40420,"5058"
40420,"5058"
44100,"5059"
44100,"5059"
44100,"5059"
44100,"5059"
44100,"5059"
44100,"5059"
44100,"5059"
44100,"5059"
44100,"5059"
44100,"5059"
16580,"5060"
16580,"5060"
16580,"5060"
16580,"5060"
16580,"5060"
16580,"5060"
16580,"5060"
16580,"5060"
16580,"5060"
16580,"5060"
19500,"5061"
19500,"5061"
19500,"5061"
19500,"5061"
19500,"5061"
19500,"5061"
19500,"5061"
19500,"5061"
19500,"5061"
19500,"5061"
16980,"5066"
16980,"5066"
16980,"5066"
16980,"5066"
16980,"5066"
16980,"5066"
16980,"5066"
16980,"5066"
16980,"5066"
16980,"5066"
43100,"5088"
43100,"5088"
43100,"5088"
43100,"5088"
43100,"5088"
43100,"5088"
43100,"5088"
43100,"5088"
43100,"5088"
43100,"5088"
31900,"5090"
31900,"5090"
31900,"5090"
31900,"5090"
31900,"5090"
31900,"5090"
31900,"5090"
31900,"5090"
31900,"5090"
31900,"5090"
48140,"5091"
48140,"5091"
48140,"5091"
48140,"5091"
48140,"5091"
48140,"5091"
48140,"5091"
48140,"5091"
48140,"5091"
48140,"5091"
40340,"5092"
40340,"5092"
40340,"5092"
40340,"5092"
40340,"5092"
40340,"5092"
40340,"5092"
40340,"5092"
40340,"5092"
40340,"5092"
30620,"5093"
30620,"5093"
30620,"5093"
30620,"5093"
17460,"5095"
17460,"5095"
17460,"5095"
17460,"5095"
17460,"5095"
17460,"5095"
17460,"5095"
17460,"5095"
17460,"5095"
17460,"5095"
33340,"5096"
33340,"5096"
33340,"5096"
33340,"5096"
33340,"5096"
33340,"5096"
33340,"5096"
33340,"5096"
33340,"5096"
33340,"5096"
33140,"5098"
33140,"5098"
33140,"5098"
20740,"5099"
20740,"5099"
20740,"5099"
20740,"5099"
20740,"5099"
20740,"5099"
20740,"5099"
20740,"5099"
20740,"5099"
20740,"5099"
NA,"5102"
NA,"5102"
NA,"5102"
NA,"5102"
NA,"5102"
16980,"5103"
16980,"5103"
16980,"5103"
16980,"5103"
16980,"5103"
16980,"5103"
16980,"5103"
16980,"5103"
16980,"5103"
16980,"5103"
16980,"5104"
16980,"5104"
16980,"5104"
16980,"5104"
16980,"5104"
16980,"5104"
16980,"5104"
16980,"5104"
16980,"5104"
16980,"5104"
21780,"5107"
21780,"5107"
21780,"5107"
27500,"5108"
27500,"5108"
27500,"5108"
27500,"5108"
27500,"5108"
27500,"5108"
27500,"5108"
27500,"5108"
27500,"5108"
27500,"5108"
27500,"5109"
27500,"5109"
27500,"5109"
27500,"5109"
27500,"5109"
27500,"5109"
27500,"5109"
27500,"5109"
27500,"5109"
27500,"5109"
14020,"5110"
14020,"5110"
14020,"5110"
14020,"5110"
14020,"5110"
14020,"5110"
14020,"5110"
14020,"5110"
14020,"5110"
14020,"5110"
16980,"5113"
16980,"5113"
16980,"5113"
16980,"5113"
16980,"5113"
16980,"5113"
16980,"5113"
16980,"5113"
16980,"5113"
16980,"5113"
17460,"5117"
17460,"5117"
17460,"5117"
17460,"5117"
17460,"5117"
17460,"5117"
17460,"5117"
17460,"5117"
17460,"5117"
17460,"5117"
16980,"5118"
16980,"5118"
16980,"5118"
16980,"5118"
16980,"5118"
16980,"5118"
16980,"5118"
16980,"5118"
16980,"5118"
16980,"5118"
19820,"5119"
19820,"5119"
19820,"5119"
19820,"5119"
19820,"5119"
19820,"5119"
19820,"5119"
19820,"5119"
19820,"5119"
19820,"5119"
16980,"5131"
16980,"5131"
16980,"5131"
16980,"5131"
16980,"5131"
16980,"5131"
16980,"5131"
16980,"5131"
16980,"5131"
16980,"5131"
35660,"5132"
35660,"5132"
35660,"5132"
35660,"5132"
35660,"5132"
35660,"5132"
35660,"5132"
35660,"5132"
35660,"5132"
35660,"5132"
20740,"5133"
20740,"5133"
20740,"5133"
20740,"5133"
20740,"5133"
20740,"5133"
20740,"5133"
NA,"5138"
NA,"5138"
NA,"5138"
NA,"5138"
NA,"5138"
NA,"5138"
NA,"5138"
NA,"5138"
19820,"5141"
19820,"5141"
19820,"5141"
19820,"5141"
19820,"5141"
19820,"5141"
19820,"5141"
19820,"5141"
19820,"5141"
19820,"5141"
48260,"5142"
48260,"5142"
48260,"5142"
48260,"5142"
17460,"5143"
17460,"5143"
17460,"5143"
17460,"5143"
17460,"5143"
17460,"5143"
17460,"5143"
17460,"5143"
17460,"5143"
17460,"5143"
29020,"5145"
29020,"5145"
29020,"5145"
29020,"5145"
29020,"5145"
29020,"5145"
29020,"5145"
29020,"5145"
29020,"5145"
29020,"5145"
41180,"5146"
41180,"5146"
41180,"5146"
41180,"5146"
41180,"5146"
41180,"5146"
41180,"5146"
41180,"5146"
41180,"5146"
41180,"5146"
NA,"5147"
NA,"5147"
19820,"5148"
19820,"5148"
19820,"5148"
19820,"5148"
19820,"5148"
19820,"5148"
19820,"5148"
19820,"5148"
19820,"5148"
19820,"5148"
43780,"5149"
43780,"5149"
43780,"5149"
43780,"5149"
43780,"5149"
43780,"5149"
43780,"5149"
43780,"5149"
43780,"5149"
43780,"5149"
29100,"5152"
29100,"5152"
29100,"5152"
29100,"5152"
33460,"5154"
33460,"5154"
33460,"5154"
33460,"5154"
33460,"5154"
33460,"5154"
33460,"5154"
33460,"5154"
33460,"5154"
33460,"5154"
33460,"5155"
33460,"5155"
33460,"5155"
33460,"5155"
33460,"5155"
33460,"5155"
33460,"5155"
33460,"5155"
33460,"5155"
33460,"5155"
17140,"5157"
17140,"5157"
17140,"5157"
17140,"5157"
17140,"5157"
17140,"5157"
17140,"5157"
17140,"5157"
17140,"5157"
17140,"5157"
11460,"5158"
11460,"5158"
11460,"5158"
11460,"5158"
11460,"5158"
11460,"5158"
11460,"5158"
11460,"5158"
11460,"5158"
11460,"5158"
28100,"5159"
28100,"5159"
28100,"5159"
28100,"5159"
28100,"5159"
28100,"5159"
28100,"5159"
28100,"5159"
28100,"5159"
28100,"5159"
33340,"5160"
33340,"5160"
33340,"5160"
33340,"5160"
33340,"5160"
33340,"5160"
33340,"5160"
33340,"5160"
33340,"5160"
33340,"5160"
33340,"5161"
33340,"5161"
33340,"5161"
33340,"5161"
33340,"5161"
33340,"5161"
33340,"5161"
33340,"5161"
33340,"5161"
33340,"5161"
33140,"5162"
33140,"5162"
33140,"5162"
33140,"5162"
18140,"5163"
18140,"5163"
18140,"5163"
18140,"5163"
18140,"5163"
18140,"5163"
18140,"5163"
18140,"5163"
18140,"5163"
18140,"5163"
NA,"5164"
NA,"5164"
NA,"5164"
NA,"5164"
NA,"5164"
NA,"5164"
NA,"5164"
19380,"5165"
19380,"5165"
19380,"5165"
19380,"5165"
19380,"5165"
19380,"5165"
19380,"5165"
19380,"5165"
19380,"5165"
19380,"5165"
17140,"5166"
17140,"5166"
17140,"5166"
17140,"5166"
17140,"5166"
17140,"5166"
17140,"5166"
17140,"5166"
17140,"5166"
17140,"5166"
16980,"5167"
16980,"5167"
16980,"5167"
16980,"5167"
16980,"5167"
16980,"5167"
16980,"5167"
16980,"5167"
16980,"5167"
16980,"5167"
NA,"5168"
NA,"5168"
NA,"5168"
NA,"5168"
NA,"5168"
19380,"5169"
19380,"5169"
19380,"5169"
19380,"5169"
19380,"5169"
19380,"5169"
19380,"5169"
19380,"5169"
19380,"5169"
19380,"5169"
22540,"5171"
22540,"5171"
22540,"5171"
22540,"5171"
22540,"5171"
22540,"5171"
22540,"5171"
22540,"5171"
22540,"5171"
22540,"5171"
19180,"5174"
19180,"5174"
19180,"5174"
19180,"5174"
19180,"5174"
19180,"5174"
19180,"5174"
19180,"5174"
19180,"5174"
19180,"5174"
NA,"5175"
NA,"5175"
NA,"5175"
NA,"5175"
NA,"5175"
16980,"5176"
16980,"5176"
16980,"5176"
16980,"5176"
16980,"5176"
16980,"5176"
16980,"5176"
16980,"5176"
16980,"5176"
16980,"5176"
18020,"5177"
18020,"5177"
18020,"5177"
18020,"5177"
16980,"5179"
16980,"5179"
16980,"5179"
16980,"5179"
16980,"5179"
16980,"5179"
16980,"5179"
16980,"5179"
16980,"5179"
19820,"5180"
19820,"5180"
19820,"5180"
19820,"5180"
19820,"5180"
19820,"5180"
19820,"5180"
19820,"5180"
19820,"5180"
NA,"5181"
NA,"5181"
NA,"5181"
NA,"5181"
NA,"5181"
NA,"5181"
16980,"5182"
16980,"5182"
16980,"5182"
16980,"5182"
16980,"5182"
16980,"5182"
16980,"5182"
16980,"5182"
16980,"5182"
16980,"5183"
16980,"5183"
16980,"5183"
16980,"5183"
16980,"5183"
16980,"5183"
16980,"5183"
24340,"5184"
24340,"5184"
24340,"5184"
24340,"5184"
24340,"5184"
24340,"5184"
24340,"5184"
24340,"5184"
26580,"5186"
26580,"5186"
26580,"5186"
26580,"5186"
26580,"5186"
26580,"5186"
26580,"5186"
NA,"5189"
NA,"5189"
NA,"5189"
NA,"5189"
NA,"5190"
18140,"5191"
18140,"5191"
NA,"5192"
NA,"5192"
19820,"5193"
19820,"5193"
19820,"5193"
40420,"5194"
40420,"5194"
31900,"5195"
31900,"5195"
31900,"5195"
31900,"5195"
24340,"5196"
24340,"5196"
24340,"5196"
49660,"5197"
49660,"5197"
49660,"5197"
17460,"5198"
17460,"5198"
17460,"5198"
18140,"5199"
18140,"5199"
18140,"5199"
17140,"5200"
17140,"5200"
17140,"5200"
26900,"5201"
26900,"5201"
26900,"5201"
33340,"5202"
33340,"5202"
33340,"5202"
16060,"5204"
16060,"5204"
16060,"5204"
31860,"5205"
31860,"5205"
31860,"5205"
33220,"5207"
33220,"5207"
33220,"5207"
33220,"5208"
33220,"5208"
33220,"5208"
26900,"5209"
26900,"5209"
26900,"5209"
33340,"5210"
33340,"5210"
33340,"5210"
NA,"5211"
NA,"5211"
NA,"5211"
40420,"5212"
40420,"5212"
40420,"5212"
16980,"5214"
16980,"5214"
16980,"5215"
16980,"5215"
NA,"5216"
31540,"5217"
20300,"6001"
20300,"6001"
20300,"6001"
20300,"6001"
20300,"6001"
20300,"6001"
20300,"6001"
20300,"6001"
20300,"6001"
20300,"6001"
21340,"6006"
21340,"6006"
21340,"6006"
21340,"6006"
21340,"6006"
21340,"6006"
21340,"6006"
21340,"6006"
21340,"6006"
21340,"6006"
19100,"6007"
19100,"6007"
19100,"6007"
19100,"6007"
19100,"6007"
19100,"6007"
19100,"6007"
19100,"6007"
19100,"6007"
19100,"6007"
26420,"6008"
26420,"6008"
26420,"6008"
26420,"6008"
26420,"6008"
26420,"6008"
26420,"6008"
26420,"6008"
26420,"6008"
26420,"6008"
29700,"6009"
29700,"6009"
29700,"6009"
29700,"6009"
29700,"6009"
29700,"6009"
29700,"6009"
29700,"6009"
29700,"6009"
29700,"6009"
31180,"6010"
31180,"6010"
31180,"6010"
31180,"6010"
31180,"6010"
31180,"6010"
31180,"6010"
31180,"6010"
31180,"6010"
31180,"6010"
41700,"6011"
41700,"6011"
41700,"6011"
41700,"6011"
41700,"6011"
41700,"6011"
41700,"6011"
41700,"6011"
41700,"6011"
41700,"6011"
47380,"6012"
47380,"6012"
47380,"6012"
47380,"6012"
47380,"6012"
47380,"6012"
47380,"6012"
47380,"6012"
47380,"6012"
47380,"6012"
13140,"6013"
13140,"6013"
13140,"6013"
13140,"6013"
13140,"6013"
13140,"6013"
13140,"6013"
13140,"6013"
13140,"6013"
13140,"6013"
15180,"6014"
15180,"6014"
15180,"6014"
15180,"6014"
15180,"6014"
15180,"6014"
15180,"6014"
15180,"6014"
15180,"6014"
15180,"6014"
26420,"6015"
26420,"6015"
26420,"6015"
26420,"6015"
26420,"6015"
26420,"6015"
26420,"6015"
26420,"6015"
26420,"6015"
26420,"6015"
13140,"6016"
13140,"6016"
13140,"6016"
13140,"6016"
13140,"6016"
13140,"6016"
13140,"6016"
13140,"6016"
13140,"6016"
13140,"6016"
36420,"6017"
36420,"6017"
36420,"6017"
36420,"6017"
36420,"6017"
36420,"6017"
36420,"6017"
36420,"6017"
36420,"6017"
36420,"6017"
46140,"6018"
46140,"6018"
46140,"6018"
46140,"6018"
46140,"6018"
46140,"6018"
46140,"6018"
46140,"6018"
46140,"6018"
46140,"6018"
10740,"6019"
10740,"6019"
10740,"6019"
10740,"6019"
10740,"6019"
10740,"6019"
10740,"6019"
10740,"6019"
10740,"6019"
10740,"6019"
NA,"6020"
NA,"6020"
NA,"6020"
NA,"6020"
NA,"6020"
NA,"6020"
NA,"6020"
NA,"6020"
NA,"6020"
NA,"6020"
12940,"6022"
12940,"6022"
12940,"6022"
12940,"6022"
12940,"6022"
12940,"6022"
12940,"6022"
12940,"6022"
12940,"6022"
12940,"6022"
29340,"6023"
29340,"6023"
29340,"6023"
43340,"6024"
43340,"6024"
43340,"6024"
43340,"6024"
43340,"6024"
43340,"6024"
43340,"6024"
43340,"6024"
43340,"6024"
43340,"6024"
10780,"6025"
10780,"6025"
10780,"6025"
10780,"6025"
10780,"6025"
10780,"6025"
10780,"6025"
10780,"6025"
10780,"6025"
10780,"6025"
33740,"6026"
33740,"6026"
33740,"6026"
33740,"6026"
33740,"6026"
33740,"6026"
33740,"6026"
33740,"6026"
33740,"6026"
33740,"6026"
35380,"6032"
35380,"6032"
35380,"6032"
35380,"6032"
35380,"6032"
35380,"6032"
35380,"6032"
35380,"6032"
35380,"6032"
35380,"6032"
30780,"6033"
30780,"6033"
30780,"6033"
30780,"6033"
30780,"6033"
30780,"6033"
30780,"6033"
30780,"6033"
30780,"6033"
30780,"6033"
38220,"6034"
38220,"6034"
38220,"6034"
38220,"6034"
48660,"6035"
48660,"6035"
48660,"6035"
48660,"6035"
NA,"6037"
29180,"6038"
29180,"6038"
29180,"6038"
29180,"6038"
29180,"6038"
29180,"6038"
29180,"6038"
29180,"6038"
29180,"6038"
29180,"6038"
10180,"6040"
10180,"6040"
10180,"6040"
10180,"6040"
10180,"6040"
10180,"6040"
10180,"6040"
10180,"6040"
10180,"6040"
10180,"6040"
19100,"6041"
19100,"6041"
19100,"6041"
19100,"6041"
19100,"6041"
19100,"6041"
19100,"6041"
19100,"6041"
19100,"6041"
19100,"6041"
12420,"6048"
12420,"6048"
12420,"6048"
12420,"6048"
12420,"6048"
12420,"6048"
12420,"6048"
12420,"6048"
12420,"6048"
12420,"6048"
29740,"6049"
29740,"6049"
29740,"6049"
29740,"6049"
29740,"6049"
29740,"6049"
29740,"6049"
29740,"6049"
29740,"6049"
29740,"6049"
18580,"6051"
18580,"6051"
18580,"6051"
18580,"6051"
18580,"6051"
18580,"6051"
18580,"6051"
18580,"6051"
18580,"6051"
18580,"6051"
NA,"6053"
19100,"6056"
19100,"6056"
19100,"6056"
19100,"6056"
19100,"6056"
19100,"6056"
19100,"6056"
19100,"6056"
19100,"6056"
19100,"6056"
35380,"6058"
35380,"6058"
35380,"6058"
35380,"6058"
17780,"6059"
17780,"6059"
17780,"6059"
17780,"6059"
17780,"6059"
17780,"6059"
17780,"6059"
17780,"6059"
17780,"6059"
17780,"6059"
22220,"6062"
22220,"6062"
22220,"6062"
22220,"6062"
22220,"6062"
22220,"6062"
22220,"6062"
22220,"6062"
22220,"6062"
22220,"6062"
19100,"6068"
19100,"6068"
19100,"6068"
19100,"6068"
19100,"6068"
19100,"6068"
19100,"6068"
19100,"6068"
19100,"6068"
19100,"6068"
19100,"6070"
19100,"6070"
19100,"6070"
19100,"6070"
19100,"6070"
19100,"6070"
19100,"6070"
19100,"6070"
19100,"6070"
19100,"6070"
22220,"6072"
22220,"6072"
22220,"6072"
22220,"6072"
22220,"6072"
22220,"6072"
22220,"6072"
22220,"6072"
22220,"6072"
22220,"6072"
42140,"6077"
42140,"6077"
42140,"6077"
42140,"6077"
42140,"6077"
42140,"6077"
42140,"6077"
42140,"6077"
42140,"6077"
42140,"6077"
26380,"6080"
26380,"6080"
26380,"6080"
26380,"6080"
32220,"6081"
32220,"6081"
32220,"6081"
32220,"6081"
26420,"6082"
26420,"6082"
26420,"6082"
26420,"6082"
26420,"6082"
26420,"6082"
26420,"6082"
26420,"6082"
26420,"6082"
26420,"6082"
NA,"6084"
NA,"6084"
NA,"6084"
NA,"6084"
NA,"6084"
NA,"6084"
NA,"6084"
NA,"6084"
NA,"6084"
NA,"6084"
22900,"6086"
22900,"6086"
22900,"6086"
22900,"6086"
22900,"6086"
22900,"6086"
22900,"6086"
22900,"6086"
22900,"6086"
22900,"6086"
35380,"6088"
35380,"6088"
35380,"6088"
35380,"6088"
35380,"6088"
35380,"6088"
35380,"6088"
35380,"6088"
35380,"6088"
35380,"6088"
46340,"6089"
46340,"6089"
46340,"6089"
46340,"6089"
32580,"6090"
32580,"6090"
32580,"6090"
32580,"6090"
32580,"6090"
32580,"6090"
32580,"6090"
32580,"6090"
32580,"6090"
32580,"6090"
NA,"6091"
NA,"6091"
NA,"6091"
NA,"6091"
NA,"6091"
NA,"6091"
NA,"6091"
NA,"6091"
NA,"6091"
NA,"6091"
NA,"6092"
45500,"6093"
45500,"6093"
45500,"6093"
30020,"6094"
30020,"6094"
30020,"6094"
30020,"6094"
30020,"6094"
30020,"6094"
30020,"6094"
30020,"6094"
30020,"6094"
30020,"6094"
47020,"6095"
47020,"6095"
47020,"6095"
47020,"6095"
47020,"6095"
47020,"6095"
47020,"6095"
47020,"6095"
47020,"6095"
47020,"6095"
36420,"6096"
36420,"6096"
36420,"6096"
36420,"6096"
36420,"6096"
36420,"6096"
36420,"6096"
36420,"6096"
36420,"6096"
36420,"6096"
33260,"6097"
33260,"6097"
33260,"6097"
33260,"6097"
33260,"6097"
33260,"6097"
33260,"6097"
33260,"6097"
33260,"6097"
33260,"6097"
32580,"6099"
32580,"6099"
32580,"6099"
32580,"6099"
22140,"6100"
22140,"6100"
22140,"6100"
19100,"6101"
19100,"6101"
19100,"6101"
19100,"6101"
19100,"6101"
19100,"6101"
19100,"6101"
19100,"6101"
19100,"6101"
19100,"6101"
41660,"6102"
41660,"6102"
41660,"6102"
41660,"6102"
41660,"6102"
41660,"6102"
41660,"6102"
41660,"6102"
41660,"6102"
26420,"6103"
26420,"6103"
26420,"6103"
26420,"6103"
26420,"6103"
26420,"6103"
26420,"6103"
26420,"6103"
26420,"6103"
27860,"6104"
27860,"6104"
27860,"6104"
27860,"6104"
26300,"6105"
26300,"6105"
26300,"6105"
26300,"6105"
NA,"6107"
NA,"6107"
NA,"6107"
NA,"6107"
NA,"6107"
NA,"6107"
NA,"6107"
NA,"6107"
NA,"6107"
26420,"6108"
26420,"6108"
26420,"6108"
26420,"6108"
26420,"6108"
26420,"6108"
26420,"6108"
35380,"6109"
35380,"6109"
35380,"6109"
35380,"6109"
NA,"6110"
NA,"6110"
NA,"6110"
NA,"6110"
NA,"6110"
NA,"6110"
10740,"6111"
10740,"6111"
10740,"6111"
10740,"6111"
10740,"6111"
10740,"6111"
10740,"6111"
35380,"6112"
35380,"6112"
35380,"6112"
35380,"6112"
19100,"6113"
19100,"6113"
19100,"6113"
19100,"6113"
19100,"6114"
19100,"6114"
19100,"6114"
19100,"6114"
19100,"6114"
33420,"6115"
33420,"6115"
33420,"6115"
33420,"6115"
19100,"6116"
19100,"6116"
19100,"6116"
19100,"6116"
36420,"6118"
36420,"6118"
36420,"6118"
36420,"6118"
NA,"6123"
NA,"6124"
NA,"6124"
NA,"6124"
12420,"6125"
12420,"6125"
12420,"6125"
35380,"6127"
35380,"6127"
35380,"6127"
NA,"6129"
41700,"6130"
12420,"6131"
12420,"6131"
12420,"6131"
29180,"6132"
29180,"6132"
29180,"6132"
19100,"6133"
19100,"6133"
30700,"7001"
30700,"7001"
30700,"7001"
30700,"7001"
30700,"7001"
30700,"7001"
30700,"7001"
30700,"7001"
30700,"7001"
30700,"7001"
36540,"7002"
36540,"7002"
36540,"7002"
36540,"7002"
36540,"7002"
36540,"7002"
36540,"7002"
36540,"7002"
36540,"7002"
36540,"7002"
44180,"7003"
44180,"7003"
44180,"7003"
44180,"7003"
44180,"7003"
44180,"7003"
44180,"7003"
44180,"7003"
44180,"7003"
44180,"7003"
28140,"7005"
28140,"7005"
28140,"7005"
28140,"7005"
28140,"7005"
28140,"7005"
28140,"7005"
28140,"7005"
28140,"7005"
28140,"7005"
41180,"7006"
41180,"7006"
41180,"7006"
41180,"7006"
41180,"7006"
41180,"7006"
41180,"7006"
41180,"7006"
41180,"7006"
41180,"7006"
19340,"7007"
19340,"7007"
19340,"7007"
19340,"7007"
19340,"7007"
19340,"7007"
19340,"7007"
19340,"7007"
19340,"7007"
19340,"7007"
16300,"7008"
16300,"7008"
16300,"7008"
16300,"7008"
16300,"7008"
16300,"7008"
16300,"7008"
16300,"7008"
16300,"7008"
16300,"7008"
19340,"7009"
19340,"7009"
19340,"7009"
19340,"7009"
19340,"7009"
19340,"7009"
19340,"7009"
19340,"7009"
19340,"7009"
19340,"7009"
19780,"7010"
19780,"7010"
19780,"7010"
19780,"7010"
19780,"7010"
19780,"7010"
19780,"7010"
19780,"7010"
19780,"7010"
19780,"7010"
20220,"7011"
20220,"7011"
20220,"7011"
20220,"7011"
20220,"7011"
20220,"7011"
20220,"7011"
20220,"7011"
20220,"7011"
20220,"7011"
43580,"7012"
43580,"7012"
43580,"7012"
43580,"7012"
43580,"7012"
43580,"7012"
43580,"7012"
43580,"7012"
43580,"7012"
43580,"7012"
47940,"7013"
47940,"7013"
47940,"7013"
47940,"7013"
47940,"7013"
47940,"7013"
47940,"7013"
47940,"7013"
47940,"7013"
47940,"7013"
45820,"7014"
45820,"7014"
45820,"7014"
45820,"7014"
45820,"7014"
45820,"7014"
45820,"7014"
45820,"7014"
45820,"7014"
45820,"7014"
48620,"7015"
48620,"7015"
48620,"7015"
48620,"7015"
48620,"7015"
48620,"7015"
48620,"7015"
48620,"7015"
48620,"7015"
48620,"7015"
17860,"7016"
17860,"7016"
17860,"7016"
17860,"7016"
17860,"7016"
17860,"7016"
17860,"7016"
17860,"7016"
17860,"7016"
17860,"7016"
26980,"7018"
26980,"7018"
26980,"7018"
26980,"7018"
26980,"7018"
26980,"7018"
26980,"7018"
26980,"7018"
26980,"7018"
26980,"7018"
26980,"7019"
26980,"7019"
26980,"7019"
26980,"7019"
26980,"7019"
26980,"7019"
26980,"7019"
26980,"7019"
26980,"7019"
26980,"7019"
26980,"7030"
26980,"7030"
26980,"7030"
26980,"7030"
26980,"7030"
26980,"7030"
26980,"7030"
26980,"7030"
26980,"7030"
26980,"7030"
41140,"7032"
41140,"7032"
41140,"7032"
41140,"7032"
41140,"7032"
41140,"7032"
41140,"7032"
41140,"7032"
41140,"7032"
41140,"7032"
NA,"7033"
NA,"7033"
NA,"7033"
NA,"7033"
NA,"7033"
28140,"7035"
28140,"7035"
28140,"7035"
28140,"7035"
28140,"7035"
28140,"7035"
28140,"7035"
28140,"7035"
28140,"7035"
28140,"7035"
NA,"7036"
NA,"7037"
27900,"7040"
27900,"7040"
27900,"7040"
27900,"7040"
11180,"7041"
11180,"7041"
11180,"7041"
11180,"7041"
11180,"7041"
11180,"7041"
11180,"7041"
11180,"7041"
11180,"7041"
11180,"7041"
27620,"7043"
27620,"7043"
27620,"7043"
27620,"7043"
27620,"7043"
27620,"7043"
27620,"7043"
27620,"7043"
27620,"7043"
27620,"7043"
NA,"7044"
NA,"7044"
NA,"7044"
NA,"7044"
NA,"7044"
26980,"7045"
26980,"7045"
26980,"7045"
26980,"7045"
26980,"7045"
26980,"7045"
28140,"7046"
28140,"7046"
28140,"7046"
28140,"7046"
28140,"7047"
28140,"7047"
28140,"7047"
28140,"7047"
28140,"7047"
29940,"7048"
29940,"7048"
29940,"7048"
29940,"7048"
29940,"7048"
19340,"7049"
19340,"7049"
16020,"7050"
16020,"7050"
16020,"7050"
16020,"7051"
16020,"7051"
24260,"7052"
24260,"7052"
24260,"7052"
31740,"7053"
31740,"7053"
31740,"7053"
48620,"7054"
48620,"7054"
48620,"7055"
48620,"7055"
48620,"7056"
48620,"7056"
41620,"8001"
41620,"8001"
41620,"8001"
41620,"8001"
41620,"8001"
41620,"8001"
41620,"8001"
41620,"8001"
41620,"8001"
41620,"8001"
43620,"8002"
43620,"8002"
43620,"8002"
43620,"8002"
43620,"8002"
43620,"8002"
43620,"8002"
43620,"8002"
43620,"8002"
43620,"8002"
22020,"8003"
22020,"8003"
22020,"8003"
22020,"8003"
22020,"8003"
22020,"8003"
22020,"8003"
22020,"8003"
22020,"8003"
22020,"8003"
13740,"8004"
13740,"8004"
13740,"8004"
13740,"8004"
13740,"8004"
13740,"8004"
13740,"8004"
13740,"8004"
13740,"8004"
13740,"8004"
17820,"8005"
17820,"8005"
17820,"8005"
17820,"8005"
17820,"8005"
17820,"8005"
17820,"8005"
17820,"8005"
17820,"8005"
17820,"8005"
19740,"8006"
19740,"8006"
19740,"8006"
19740,"8006"
19740,"8006"
19740,"8006"
19740,"8006"
19740,"8006"
19740,"8006"
19740,"8006"
39380,"8007"
39380,"8007"
39380,"8007"
39380,"8007"
39380,"8007"
39380,"8007"
39380,"8007"
39380,"8007"
39380,"8007"
39380,"8007"
24220,"8008"
24220,"8008"
24220,"8008"
24220,"8008"
24220,"8008"
24220,"8008"
24220,"8008"
24220,"8008"
24220,"8008"
24220,"8008"
33540,"8009"
33540,"8009"
33540,"8009"
33540,"8009"
33540,"8009"
33540,"8009"
33540,"8009"
33540,"8009"
33540,"8009"
33540,"8009"
24540,"8010"
24540,"8010"
24540,"8010"
24540,"8010"
24540,"8010"
24540,"8010"
24540,"8010"
24540,"8010"
24540,"8010"
24540,"8010"
22660,"8011"
22660,"8011"
22660,"8011"
22660,"8011"
22660,"8011"
22660,"8011"
22660,"8011"
22660,"8011"
22660,"8011"
22660,"8011"
24500,"8012"
24500,"8012"
24500,"8012"
24500,"8012"
24500,"8012"
24500,"8012"
24500,"8012"
24500,"8012"
24500,"8012"
24500,"8012"
16220,"8013"
16220,"8013"
16220,"8013"
16220,"8013"
16220,"8013"
16220,"8013"
16220,"8013"
16220,"8013"
16220,"8013"
16220,"8013"
39660,"8014"
39660,"8014"
39660,"8014"
39660,"8014"
39660,"8014"
39660,"8014"
39660,"8014"
39660,"8014"
39660,"8014"
39660,"8014"
24300,"8016"
24300,"8016"
24300,"8016"
24300,"8016"
24300,"8016"
24300,"8016"
24300,"8016"
24300,"8016"
24300,"8016"
24300,"8016"
13900,"8019"
13900,"8019"
13900,"8019"
13900,"8019"
13900,"8019"
13900,"8019"
13900,"8019"
13900,"8019"
13900,"8019"
13900,"8019"
16940,"8020"
16940,"8020"
16940,"8020"
16940,"8020"
16940,"8020"
16940,"8020"
16940,"8020"
16940,"8020"
16940,"8020"
16940,"8020"
NA,"8021"
NA,"8021"
22660,"8025"
22660,"8025"
22660,"8025"
22660,"8025"
22660,"8025"
22660,"8025"
22660,"8025"
22660,"8025"
22660,"8025"
22660,"8025"
41100,"8026"
41100,"8026"
41100,"8026"
41100,"8026"
NA,"8027"
NA,"8027"
30860,"8028"
30860,"8028"
30860,"8028"
30860,"8028"
30860,"8028"
30860,"8028"
30860,"8028"
30860,"8028"
30860,"8028"
22660,"8106"
22660,"8106"
22660,"8106"
22660,"8106"
22660,"8106"
22660,"8106"
22660,"8106"
33540,"8107"
33540,"8107"
33540,"8107"
33540,"8107"
33540,"8107"
33540,"8107"
33540,"8107"
NA,"8108"
NA,"8108"
NA,"8108"
19740,"8109"
19740,"8109"
19740,"8109"
19740,"8109"
22020,"8110"
22020,"8110"
39900,"9001"
39900,"9001"
39900,"9001"
39900,"9001"
39900,"9001"
39900,"9001"
39900,"9001"
39900,"9001"
39900,"9001"
39900,"9001"
46520,"9002"
46520,"9002"
46520,"9002"
46520,"9002"
46520,"9002"
46520,"9002"
46520,"9002"
46520,"9002"
46520,"9002"
46520,"9002"
41860,"9003"
41860,"9003"
41860,"9003"
41860,"9003"
41860,"9003"
41860,"9003"
41860,"9003"
41860,"9003"
41860,"9003"
41860,"9003"
12540,"9004"
12540,"9004"
12540,"9004"
12540,"9004"
12540,"9004"
12540,"9004"
12540,"9004"
12540,"9004"
12540,"9004"
12540,"9004"
42100,"9006"
42100,"9006"
42100,"9006"
42100,"9006"
42100,"9006"
42100,"9006"
42100,"9006"
42100,"9006"
42100,"9006"
42100,"9006"
33700,"9007"
33700,"9007"
33700,"9007"
33700,"9007"
33700,"9007"
33700,"9007"
33700,"9007"
33700,"9007"
33700,"9007"
33700,"9007"
31080,"9008"
31080,"9008"
31080,"9008"
31080,"9008"
31080,"9008"
31080,"9008"
31080,"9008"
31080,"9008"
31080,"9008"
31080,"9008"
41860,"9009"
41860,"9009"
41860,"9009"
41860,"9009"
41860,"9009"
41860,"9009"
41860,"9009"
41860,"9009"
41860,"9009"
41860,"9009"
31080,"9010"
31080,"9010"
31080,"9010"
31080,"9010"
31080,"9010"
31080,"9010"
31080,"9010"
31080,"9010"
31080,"9010"
31080,"9010"
44700,"9012"
44700,"9012"
44700,"9012"
44700,"9012"
44700,"9012"
44700,"9012"
44700,"9012"
44700,"9012"
44700,"9012"
44700,"9012"
41940,"9013"
41940,"9013"
41940,"9013"
41940,"9013"
41940,"9013"
41940,"9013"
41940,"9013"
41940,"9013"
41940,"9013"
41940,"9013"
NA,"9014"
NA,"9014"
NA,"9014"
NA,"9014"
NA,"9014"
NA,"9014"
NA,"9014"
NA,"9014"
NA,"9014"
NA,"9014"
41860,"9015"
41860,"9015"
41860,"9015"
41860,"9015"
41860,"9015"
41860,"9015"
41860,"9015"
41860,"9015"
41860,"9015"
41860,"9015"
41860,"9016"
41860,"9016"
41860,"9016"
41860,"9016"
41860,"9016"
41860,"9016"
41860,"9016"
41860,"9016"
41860,"9016"
41860,"9016"
42220,"9017"
42220,"9017"
42220,"9017"
42220,"9017"
42220,"9017"
42220,"9017"
42220,"9017"
42220,"9017"
42220,"9017"
42220,"9017"
40900,"9019"
40900,"9019"
40900,"9019"
40900,"9019"
40900,"9019"
40900,"9019"
40900,"9019"
40900,"9019"
40900,"9019"
40900,"9019"
42200,"9020"
42200,"9020"
42200,"9020"
42200,"9020"
42200,"9020"
42200,"9020"
42200,"9020"
42200,"9020"
42200,"9020"
42200,"9020"
31080,"9022"
31080,"9022"
31080,"9022"
31080,"9022"
31080,"9022"
31080,"9022"
31080,"9022"
31080,"9022"
31080,"9022"
31080,"9022"
31080,"9023"
31080,"9023"
31080,"9023"
31080,"9023"
31080,"9023"
31080,"9023"
31080,"9023"
31080,"9023"
31080,"9023"
31080,"9023"
31080,"9024"
31080,"9024"
31080,"9024"
31080,"9024"
31080,"9024"
31080,"9024"
31080,"9024"
41740,"9026"
41740,"9026"
41740,"9026"
41740,"9026"
41740,"9026"
41740,"9026"
41740,"9026"
41740,"9026"
41740,"9026"
41740,"9026"
23420,"9027"
23420,"9027"
23420,"9027"
23420,"9027"
23420,"9027"
23420,"9027"
23420,"9027"
23420,"9027"
23420,"9027"
23420,"9027"
NA,"9028"
NA,"9028"
NA,"9028"
NA,"9028"
NA,"9028"
NA,"9028"
NA,"9028"
NA,"9028"
40140,"9029"
40140,"9029"
40140,"9029"
40140,"9029"
40140,"9029"
40140,"9029"
40140,"9029"
40140,"9029"
40140,"9029"
40140,"9029"
41740,"9030"
41740,"9030"
41740,"9030"
41740,"9030"
41740,"9030"
41740,"9030"
41740,"9030"
41740,"9030"
41740,"9030"
41740,"9030"
40140,"9031"
40140,"9031"
40140,"9031"
40140,"9031"
40140,"9031"
40140,"9031"
40140,"9031"
40140,"9031"
40140,"9031"
40140,"9031"
38060,"9032"
38060,"9032"
38060,"9032"
38060,"9032"
38060,"9032"
38060,"9032"
38060,"9032"
38060,"9032"
38060,"9032"
38060,"9032"
46060,"9033"
46060,"9033"
46060,"9033"
46060,"9033"
46060,"9033"
46060,"9033"
46060,"9033"
46060,"9033"
46060,"9033"
46060,"9033"
38060,"9034"
38060,"9034"
38060,"9034"
38060,"9034"
38060,"9034"
38060,"9034"
38060,"9034"
38060,"9034"
38060,"9034"
38060,"9034"
37100,"9035"
37100,"9035"
37100,"9035"
37100,"9035"
37100,"9035"
37100,"9035"
37100,"9035"
37100,"9035"
37100,"9035"
37100,"9035"
31080,"9036"
31080,"9036"
31080,"9036"
31080,"9036"
31080,"9036"
31080,"9036"
31080,"9036"
31080,"9036"
31080,"9036"
31080,"9036"
31080,"9039"
31080,"9039"
31080,"9039"
31080,"9039"
31080,"9039"
31080,"9039"
31080,"9039"
31080,"9039"
31080,"9039"
31080,"9039"
31080,"9041"
31080,"9041"
31080,"9041"
31080,"9041"
31080,"9041"
31080,"9041"
31080,"9041"
31080,"9041"
31080,"9041"
31080,"9041"
31080,"9042"
31080,"9042"
31080,"9042"
31080,"9042"
31080,"9042"
31080,"9042"
31080,"9042"
31080,"9042"
31080,"9042"
31080,"9042"
31080,"9043"
31080,"9043"
31080,"9043"
31080,"9043"
31080,"9043"
31080,"9043"
31080,"9043"
31080,"9043"
31080,"9043"
31080,"9043"
31080,"9044"
31080,"9044"
31080,"9044"
31080,"9044"
31080,"9044"
31080,"9044"
31080,"9044"
31080,"9044"
31080,"9044"
31080,"9044"
29820,"9045"
29820,"9045"
29820,"9045"
29820,"9045"
29820,"9045"
29820,"9045"
29820,"9045"
29820,"9045"
29820,"9045"
29820,"9045"
37100,"9050"
37100,"9050"
37100,"9050"
37100,"9050"
37100,"9050"
37100,"9050"
37100,"9050"
37100,"9050"
37100,"9050"
37100,"9050"
40140,"9052"
40140,"9052"
40140,"9052"
40140,"9052"
40140,"9052"
40140,"9052"
40140,"9052"
40140,"9052"
40140,"9052"
40140,"9052"
NA,"9054"
49700,"9061"
49700,"9061"
49700,"9061"
49700,"9061"
49700,"9061"
49700,"9061"
49700,"9061"
49700,"9061"
49700,"9061"
49700,"9061"
41500,"9062"
41500,"9062"
41500,"9062"
41500,"9062"
41500,"9062"
41500,"9062"
41500,"9062"
41500,"9062"
41500,"9062"
41500,"9062"
41860,"9078"
41860,"9078"
41860,"9078"
41860,"9078"
41860,"9078"
41860,"9078"
41860,"9078"
41860,"9078"
41860,"9078"
41860,"9078"
40140,"9079"
40140,"9079"
40140,"9079"
40140,"9079"
40140,"9079"
40140,"9079"
40140,"9079"
40140,"9079"
40140,"9079"
40140,"9079"
40140,"9086"
40140,"9086"
40140,"9086"
40140,"9086"
40140,"9086"
40140,"9086"
40140,"9086"
40140,"9086"
40140,"9086"
40140,"9086"
42200,"9087"
42200,"9087"
42200,"9087"
42200,"9087"
42200,"9087"
42200,"9087"
42200,"9087"
42200,"9087"
42200,"9087"
42200,"9087"
NA,"9088"
NA,"9088"
NA,"9088"
NA,"9088"
NA,"9088"
NA,"9088"
NA,"9088"
NA,"9088"
NA,"9088"
NA,"9088"
42220,"9089"
42220,"9089"
42220,"9089"
42220,"9089"
42220,"9089"
42220,"9089"
42220,"9089"
42220,"9089"
42220,"9089"
42220,"9089"
40900,"9090"
40900,"9090"
40900,"9090"
40900,"9090"
40900,"9090"
40900,"9090"
40900,"9090"
40900,"9090"
40900,"9090"
40900,"9090"
47300,"9091"
47300,"9091"
47300,"9091"
47300,"9091"
47300,"9091"
47300,"9091"
47300,"9091"
47300,"9091"
47300,"9091"
47300,"9091"
46700,"9092"
46700,"9092"
46700,"9092"
46700,"9092"
46700,"9092"
46700,"9092"
46700,"9092"
46700,"9092"
46700,"9092"
46700,"9092"
39820,"9093"
39820,"9093"
39820,"9093"
39820,"9093"
39820,"9093"
39820,"9093"
39820,"9093"
39820,"9093"
39820,"9093"
39820,"9093"
41740,"9095"
41740,"9095"
41740,"9095"
41740,"9095"
41740,"9095"
41740,"9095"
41740,"9095"
41740,"9095"
41740,"9095"
41740,"9095"
31080,"9119"
31080,"9119"
31080,"9119"
31080,"9119"
31080,"9119"
31080,"9119"
31080,"9119"
31080,"9119"
31080,"9119"
31080,"9119"
31080,"9121"
31080,"9121"
31080,"9121"
31080,"9121"
31080,"9121"
31080,"9121"
31080,"9121"
31080,"9121"
31080,"9121"
31080,"9121"
38060,"9131"
38060,"9131"
38060,"9131"
38060,"9131"
38060,"9131"
38060,"9131"
38060,"9131"
38060,"9131"
NA,"9132"
NA,"9132"
NA,"9132"
NA,"9132"
NA,"9132"
41860,"9134"
41860,"9134"
41860,"9134"
41860,"9134"
41860,"9134"
41860,"9134"
41860,"9134"
41860,"9134"
41860,"9134"
41860,"9134"
NA,"9135"
38060,"9136"
38060,"9136"
38060,"9136"
38060,"9136"
38060,"9136"
38060,"9136"
38060,"9136"
38060,"9136"
38060,"9136"
38060,"9136"
NA,"9137"
NA,"9137"
NA,"9137"
NA,"9137"
NA,"9137"
NA,"9137"
NA,"9137"
NA,"9137"
NA,"9137"
38060,"9140"
38060,"9140"
38060,"9140"
38060,"9140"
38060,"9140"
38060,"9140"
38060,"9140"
38060,"9140"
38060,"9140"
38060,"9140"
40900,"9142"
40900,"9142"
40900,"9142"
40900,"9142"
40900,"9142"
40900,"9142"
40900,"9142"
40900,"9142"
40900,"9142"
40900,"9142"
41860,"9144"
41860,"9144"
41860,"9144"
41860,"9144"
41860,"9144"
41860,"9144"
41860,"9144"
41860,"9144"
41860,"9144"
41860,"9144"
31080,"9146"
31080,"9146"
31080,"9146"
31080,"9146"
31080,"9146"
31080,"9146"
31080,"9146"
31080,"9146"
31080,"9146"
31080,"9146"
31080,"9147"
31080,"9147"
31080,"9147"
31080,"9147"
31080,"9147"
31080,"9147"
31080,"9147"
31080,"9147"
31080,"9147"
31080,"9147"
40140,"9148"
40140,"9148"
40140,"9148"
40140,"9148"
40140,"9148"
40140,"9148"
40140,"9148"
40140,"9148"
40140,"9148"
40140,"9148"
42200,"9149"
42200,"9149"
42200,"9149"
42200,"9149"
42200,"9149"
42200,"9149"
42200,"9149"
42200,"9149"
42200,"9149"
42200,"9149"
NA,"9150"
NA,"9150"
NA,"9150"
NA,"9150"
NA,"9150"
NA,"9150"
31080,"9151"
31080,"9151"
31080,"9151"
31080,"9151"
31080,"9151"
31080,"9151"
31080,"9151"
31080,"9151"
31080,"9151"
31080,"9151"
31080,"9154"
31080,"9154"
31080,"9154"
31080,"9154"
31080,"9154"
31080,"9154"
31080,"9154"
31080,"9154"
31080,"9154"
31080,"9154"
46700,"9155"
46700,"9155"
46700,"9155"
46700,"9155"
42020,"9156"
42020,"9156"
42020,"9156"
42020,"9156"
42020,"9156"
42020,"9156"
42020,"9156"
42020,"9156"
42020,"9156"
42020,"9156"
31080,"9157"
31080,"9157"
31080,"9157"
31080,"9157"
31080,"9157"
31080,"9157"
31080,"9157"
31080,"9157"
31080,"9157"
31080,"9157"
41860,"9159"
41860,"9159"
41860,"9159"
41860,"9159"
41860,"9159"
41860,"9159"
41860,"9159"
41860,"9159"
41860,"9159"
41860,"9159"
41860,"9161"
41860,"9161"
41860,"9161"
41860,"9161"
41860,"9161"
41860,"9161"
41860,"9161"
41860,"9161"
41860,"9161"
41860,"9161"
41860,"9162"
41860,"9162"
41860,"9162"
41860,"9162"
41860,"9162"
41860,"9162"
41860,"9162"
41860,"9162"
41860,"9162"
41860,"9162"
37100,"9163"
37100,"9163"
37100,"9163"
37100,"9163"
37100,"9164"
37100,"9164"
37100,"9164"
37100,"9164"
37100,"9164"
37100,"9164"
37100,"9164"
37100,"9164"
37100,"9164"
37100,"9164"
37100,"9165"
37100,"9165"
37100,"9165"
37100,"9165"
37100,"9165"
37100,"9165"
37100,"9165"
37100,"9165"
37100,"9165"
37100,"9165"
31080,"9166"
31080,"9166"
31080,"9166"
31080,"9166"
31080,"9166"
31080,"9166"
31080,"9166"
31080,"9166"
31080,"9166"
31080,"9166"
40900,"9167"
40900,"9167"
40900,"9167"
40900,"9167"
40900,"9168"
40900,"9168"
40900,"9168"
40900,"9168"
40900,"9168"
40900,"9168"
40900,"9168"
40900,"9168"
40900,"9168"
40900,"9168"
38060,"9169"
38060,"9169"
38060,"9169"
38060,"9169"
38060,"9169"
38060,"9169"
38060,"9169"
38060,"9169"
38060,"9169"
38060,"9169"
NA,"9170"
31080,"9171"
31080,"9171"
31080,"9171"
31080,"9171"
31080,"9171"
31080,"9171"
31080,"9171"
31080,"9171"
31080,"9171"
31080,"9171"
NA,"9172"
NA,"9172"
NA,"9172"
NA,"9172"
NA,"9172"
NA,"9172"
NA,"9172"
NA,"9172"
NA,"9172"
32900,"9173"
32900,"9173"
32900,"9173"
32900,"9173"
32900,"9173"
32900,"9173"
32900,"9173"
32900,"9173"
32900,"9173"
32900,"9173"
NA,"9174"
NA,"9174"
NA,"9174"
44700,"9175"
44700,"9175"
44700,"9175"
44700,"9175"
44700,"9175"
44700,"9175"
44700,"9175"
44700,"9175"
44700,"9175"
44700,"9175"
NA,"9176"
NA,"9176"
NA,"9176"
NA,"9176"
NA,"9176"
NA,"9176"
NA,"9176"
NA,"9180"
NA,"9180"
44700,"9182"
44700,"9182"
44700,"9182"
44700,"9182"
44700,"9182"
44700,"9182"
44700,"9182"
44700,"9182"
44700,"9182"
44700,"9182"
NA,"9185"
NA,"9186"
NA,"9186"
NA,"9189"
46060,"9191"
46060,"9191"
46060,"9191"
46060,"9191"
NA,"9192"
NA,"9192"
NA,"9192"
NA,"9192"
NA,"9192"
NA,"9192"
NA,"9192"
NA,"9192"
41740,"9193"
41740,"9193"
41740,"9193"
41740,"9193"
41740,"9193"
41740,"9193"
41740,"9193"
41740,"9193"
41740,"9193"
41740,"9193"
42020,"9194"
42020,"9194"
42020,"9194"
42020,"9194"
NA,"9195"
NA,"9195"
NA,"9195"
NA,"9195"
NA,"9196"
NA,"9196"
NA,"9196"
NA,"9196"
NA,"9196"
NA,"9196"
NA,"9196"
NA,"9196"
NA,"9196"
NA,"9196"
44700,"9197"
44700,"9197"
44700,"9197"
44700,"9197"
47300,"9198"
47300,"9198"
47300,"9198"
47300,"9198"
47300,"9198"
47300,"9198"
47300,"9198"
47300,"9198"
47300,"9198"
47300,"9198"
31460,"9199"
31460,"9199"
31460,"9199"
25260,"9200"
25260,"9200"
25260,"9200"
25260,"9200"
25260,"9200"
25260,"9200"
25260,"9200"
25260,"9200"
25260,"9200"
25260,"9200"
33700,"9201"
33700,"9201"
33700,"9201"
33700,"9201"
33700,"9201"
33700,"9201"
33700,"9201"
33700,"9201"
33700,"9201"
33700,"9201"
NA,"9204"
NA,"9204"
40900,"9205"
40900,"9205"
40900,"9205"
40900,"9205"
40900,"9205"
40900,"9205"
40900,"9205"
40900,"9205"
40900,"9205"
40900,"9205"
42020,"9206"
42020,"9206"
42020,"9206"
42020,"9206"
42020,"9206"
42020,"9206"
42020,"9206"
42020,"9206"
42020,"9206"
17020,"9208"
17020,"9208"
17020,"9208"
17020,"9208"
17020,"9208"
17020,"9208"
17020,"9208"
17020,"9208"
17020,"9208"
17020,"9208"
38060,"9209"
38060,"9209"
38060,"9209"
38060,"9209"
38060,"9209"
38060,"9209"
38060,"9209"
31080,"9211"
31080,"9211"
31080,"9211"
31080,"9211"
31080,"9211"
31080,"9211"
31080,"9211"
31080,"9211"
31080,"9211"
NA,"9212"
NA,"9212"
NA,"9212"
NA,"9212"
NA,"9212"
42220,"9213"
42220,"9213"
42220,"9213"
42220,"9213"
42220,"9213"
42220,"9213"
42220,"9213"
42220,"9213"
42220,"9213"
31080,"9214"
31080,"9214"
31080,"9214"
31080,"9214"
31080,"9214"
31080,"9214"
31080,"9214"
31080,"9214"
16180,"9215"
16180,"9215"
16180,"9215"
16180,"9215"
NA,"9216"
NA,"9216"
44700,"9217"
44700,"9217"
44700,"9217"
44700,"9217"
22380,"9219"
22380,"9219"
22380,"9219"
22380,"9219"
22380,"9219"
22380,"9219"
22380,"9219"
22380,"9219"
40900,"9220"
40900,"9220"
40900,"9220"
40900,"9220"
40900,"9220"
46060,"9222"
46060,"9222"
46060,"9222"
46060,"9222"
46060,"9222"
40900,"9223"
40900,"9223"
40900,"9223"
40900,"9223"
NA,"9224"
NA,"9224"
41860,"9225"
41860,"9225"
41860,"9225"
41860,"9225"
20940,"9226"
20940,"9226"
20940,"9226"
20940,"9226"
NA,"9227"
NA,"9227"
NA,"9227"
NA,"9227"
46060,"9228"
46060,"9228"
46060,"9228"
40900,"9229"
40900,"9229"
40900,"9229"
25260,"9230"
25260,"9230"
25260,"9230"
31080,"9231"
31080,"9231"
31080,"9231"
46700,"9232"
46700,"9232"
46700,"9232"
49740,"9233"
49740,"9233"
49740,"9233"
41860,"9234"
40900,"9235"
40900,"9235"
40900,"9235"
33700,"9236"
33700,"9236"
33700,"9236"
12540,"9238"
12540,"9238"
12540,"9238"
43420,"9239"
43420,"9239"
43420,"9239"
NA,"9240"
NA,"9240"
NA,"9240"
27980,"9241"
27980,"9241"
29820,"9242"
29820,"9242"
29820,"9242"
42200,"9243"
47300,"9244"
47300,"9244"
